date,tic,log_return,log_return_norm
2015-01-01,SINE,0.01545084971874737,1.3968022466674206
2015-01-02,SINE,0.013938412895876287,1.2600735106701013
2015-01-05,SINE,0.011061587104123721,1.0000000000000007
2015-01-06,SINE,0.0071019760960103,0.6420395219202055
2015-01-07,SINE,0.002447174185242325,0.2212317420824747
2015-01-08,SINE,-0.002447174185242318,-0.2212317420824739
2015-01-09,SINE,-0.007101976096010307,-0.6420395219202061
2015-01-12,SINE,-0.011061587104123714,-1.0
2015-01-13,SINE,-0.013938412895876287,-1.2600735106701013
2015-01-14,SINE,-0.01545084971874737,-1.3968022466674206
2015-01-15,SINE,-0.015450849718747352,-1.3968022466674188
2015-01-16,SINE,-0.013938412895876308,-1.260073510670103
2015-01-19,SINE,-0.011061587104123718,-1.0000000000000002
2015-01-20,SINE,-0.007101976096010307,-0.6420395219202061
2015-01-21,SINE,-0.002447174185242325,-0.22123174208247454
2015-01-22,SINE,0.002447174185242318,0.22123174208247406
2015-01-23,SINE,0.007101976096010307,0.6420395219202062
2015-01-26,SINE,0.011061587104123707,0.9999999999999993
2015-01-27,SINE,0.013938412895876287,1.2600735106701013
2015-01-28,SINE,0.015450849718747372,1.3968022466674206
2015-01-29,SINE,0.015450849718747372,1.3968022466674206
2015-01-30,SINE,0.013938412895876256,1.2600735106700984
2015-02-02,SINE,0.011061587104123749,1.000000000000003
2015-02-03,SINE,0.007101976096010314,0.6420395219202069
2015-02-04,SINE,0.002447174185242325,0.2212317420824747
2015-02-05,SINE,-0.002447174185242318,-0.2212317420824739
2015-02-06,SINE,-0.0071019760960103,-0.6420395219202054
2015-02-09,SINE,-0.011061587104123714,-1.0
2015-02-10,SINE,-0.01393841289587628,-1.2600735106701006
2015-02-11,SINE,-0.015450849718747372,-1.3968022466674206
2015-02-12,SINE,-0.015450849718747373,-1.3968022466674208
2015-02-13,SINE,-0.013938412895876289,-1.2600735106701013
2015-02-16,SINE,-0.011061587104123721,-1.0000000000000007
2015-02-17,SINE,-0.007101976096010307,-0.6420395219202061
2015-02-18,SINE,-0.0024471741852423318,-0.22123174208247517
2015-02-19,SINE,0.002447174185242311,0.22123174208247343
2015-02-20,SINE,0.007101976096010307,0.6420395219202062
2015-02-23,SINE,0.01106158710412371,0.9999999999999997
2015-02-24,SINE,0.013938412895876278,1.2600735106701004
2015-02-25,SINE,0.015450849718747372,1.3968022466674206
2015-02-26,SINE,0.015450849718747287,1.396802246667413
2015-02-27,SINE,0.013938412895876374,1.260073510670109
2015-03-02,SINE,0.011061587104123721,1.0000000000000007
2015-03-03,SINE,0.007101976096010286,0.6420395219202043
2015-03-04,SINE,0.0024471741852423595,0.22123174208247784
2015-03-05,SINE,-0.002447174185242311,-0.2212317420824733
2015-03-06,SINE,-0.007101976096010355,-0.6420395219202104
2015-03-09,SINE,-0.011061587104123655,-0.9999999999999947
2015-03-10,SINE,-0.013938412895876197,-1.260073510670093
2015-03-11,SINE,-0.015450849718747453,-1.396802246667428
2015-03-12,SINE,-0.015450849718747288,-1.396802246667413
2015-03-13,SINE,-0.013938412895876372,-1.2600735106701089
2015-03-16,SINE,-0.011061587104123777,-1.0000000000000056
2015-03-17,SINE,-0.007101976096010265,-0.6420395219202023
2015-03-18,SINE,-0.0024471741852423318,-0.22123174208247517
2015-03-19,SINE,0.002447174185242311,0.22123174208247343
2015-03-20,SINE,0.007101976096010244,0.6420395219202005
2015-03-23,SINE,0.011061587104123763,1.0000000000000044
2015-03-24,SINE,0.013938412895876195,1.2600735106700929
2015-03-25,SINE,0.015450849718747453,1.396802246667428
2015-03-26,SINE,0.015450849718747457,1.3968022466674284
2015-03-27,SINE,0.013938412895876206,1.2600735106700938
2015-03-30,SINE,0.01106158710412378,1.000000000000006
2015-03-31,SINE,0.007101976096010265,0.6420395219202024
2015-04-01,SINE,0.0024471741852423318,0.2212317420824753
2015-04-02,SINE,-0.002447174185242304,-0.22123174208247265
2015-04-03,SINE,-0.007101976096010251,-0.642039521920201
2015-04-06,SINE,-0.011061587104123756,-1.0000000000000038
2015-04-07,SINE,-0.013938412895876363,-1.2600735106701082
2015-04-08,SINE,-0.015450849718747285,-1.3968022466674128
2015-04-09,SINE,-0.015450849718747458,-1.3968022466674286
2015-04-10,SINE,-0.01393841289587621,-1.2600735106700942
2015-04-13,SINE,-0.01106158710412367,-0.9999999999999959
2015-04-14,SINE,-0.007101976096010376,-0.6420395219202123
2015-04-15,SINE,-0.0024471741852423318,-0.22123174208247517
2015-04-16,SINE,0.002447174185242304,0.22123174208247282
2015-04-17,SINE,0.007101976096010348,0.64203952192021
2015-04-20,SINE,0.011061587104123652,0.9999999999999943
2015-04-21,SINE,0.013938412895876363,1.2600735106701082
2015-04-22,SINE,0.015450849718747287,1.396802246667413
2015-04-23,SINE,0.015450849718747288,1.396802246667413
2015-04-24,SINE,0.013938412895876237,1.2600735106700967
2015-04-27,SINE,0.011061587104123922,1.0000000000000189
2015-04-28,SINE,0.007101976096010272,0.6420395219202031
2015-04-29,SINE,0.0024471741852423318,0.2212317420824753
2015-04-30,SINE,-0.002447174185242304,-0.22123174208247265
2015-05-01,SINE,-0.007101976096010237,-0.6420395219201998
2015-05-04,SINE,-0.011061587104123614,-0.9999999999999909
2015-05-05,SINE,-0.013938412895876507,-1.260073510670121
2015-05-06,SINE,-0.015450849718747285,-1.3968022466674128
2015-05-07,SINE,-0.01545084971874729,-1.3968022466674133
2015-05-08,SINE,-0.01393841289587638,-1.2600735106701098
2015-05-11,SINE,-0.011061587104123673,-0.9999999999999962
2015-05-12,SINE,-0.007101976096010432,-0.6420395219202173
2015-05-13,SINE,-0.002447174185242283,-0.22123174208247076
2015-05-14,SINE,0.002447174185242304,0.22123174208247282
2015-05-15,SINE,0.007101976096010237,0.6420395219202
2015-05-18,SINE,0.01106158710412361,0.9999999999999906
2015-05-19,SINE,0.013938412895876506,1.260073510670121
2015-05-20,SINE,0.015450849718747285,1.3968022466674128
2015-05-21,SINE,0.015450849718747458,1.3968022466674286
2015-05-22,SINE,0.013938412895876065,1.260073510670081
2015-05-25,SINE,0.011061587104123825,1.00000000000001
2015-05-26,SINE,0.007101976096010376,0.6420395219202125
2015-05-27,SINE,0.0024471741852423387,0.22123174208247595
2015-05-28,SINE,-0.0024471741852423595,-0.22123174208247767
2015-05-29,SINE,-0.007101976096010182,-0.6420395219201948
2015-06-01,SINE,-0.011061587104123749,-1.000000000000003
2015-06-02,SINE,-0.013938412895876023,-1.2600735106700773
2015-06-03,SINE,-0.0154508497187478,-1.3968022466674594
2015-06-04,SINE,-0.015450849718747113,-1.3968022466673973
2015-06-05,SINE,-0.013938412895876377,-1.2600735106701093
2015-06-08,SINE,-0.011061587104123784,-1.0000000000000062
2015-06-09,SINE,-0.0071019760960102235,-0.6420395219201985
2015-06-10,SINE,-0.0024471741852423942,-0.2212317420824808
2015-06-11,SINE,0.002447174185242304,0.22123174208247282
2015-06-12,SINE,0.0071019760960103345,0.6420395219202087
2015-06-15,SINE,0.011061587104123506,0.9999999999999811
2015-06-16,SINE,0.013938412895876332,1.2600735106701053
2015-06-17,SINE,0.015450849718747453,1.396802246667428
2015-06-18,SINE,0.01545084971874746,1.3968022466674286
2015-06-19,SINE,0.013938412895876353,1.260073510670107
2015-06-22,SINE,0.011061587104123534,0.9999999999999837
2015-06-23,SINE,0.007101976096010383,0.6420395219202131
2015-06-24,SINE,0.0024471741852423456,0.22123174208247656
2015-06-25,SINE,-0.0024471741852423526,-0.22123174208247703
2015-06-26,SINE,-0.007101976096010175,-0.6420395219201941
2015-06-29,SINE,-0.011061587104123749,-1.000000000000003
2015-06-30,SINE,-0.013938412895876363,-1.2600735106701082
2015-07-01,SINE,-0.015450849718747106,-1.3968022466673966
2015-07-02,SINE,-0.015450849718747805,-1.39680224666746
2015-07-03,SINE,-0.013938412895876042,-1.2600735106700791
2015-07-06,SINE,-0.011061587104123787,-1.0000000000000067
2015-07-07,SINE,-0.0071019760960102235,-0.6420395219201985
2015-07-08,SINE,-0.002447174185242401,-0.22123174208248145
2015-07-09,SINE,0.002447174185242297,0.22123174208247218
2015-07-10,SINE,0.0071019760960103345,0.6420395219202087
2015-07-13,SINE,0.01106158710412379,1.0000000000000069
2015-07-14,SINE,0.013938412895876044,1.2600735106700793
2015-07-15,SINE,0.015450849718747451,1.396802246667428
2015-07-16,SINE,0.015450849718747122,1.3968022466673982
2015-07-17,SINE,0.013938412895876693,1.260073510670138
2015-07-20,SINE,0.011061587104123537,0.999999999999984
2015-07-21,SINE,0.007101976096010383,0.6420395219202131
2015-07-22,SINE,0.0024471741852423526,0.2212317420824772
2015-07-23,SINE,-0.0024471741852422416,-0.22123174208246701
2015-07-24,SINE,-0.007101976096010494,-0.642039521920223
2015-07-27,SINE,-0.011061587104123537,-0.999999999999984
2015-07-28,SINE,-0.013938412895876356,-1.2600735106701075
2015-07-29,SINE,-0.015450849718747104,-1.3968022466673964
2015-07-30,SINE,-0.015450849718747467,-1.3968022466674292
2015-07-31,SINE,-0.013938412895876382,-1.2600735106701098
2015-08-03,SINE,-0.01106158710412379,-1.0000000000000069
2015-08-04,SINE,-0.0071019760960103345,-0.6420395219202085
2015-08-05,SINE,-0.002447174185242297,-0.22123174208247204
2015-08-06,SINE,0.00244717418524229,0.22123174208247157
2015-08-07,SINE,0.007101976096010126,0.6420395219201899
2015-08-10,SINE,0.011061587104123995,1.0000000000000253
2015-08-11,SINE,0.013938412895876042,1.2600735106700791
2015-08-12,SINE,0.015450849718747451,1.396802246667428
2015-08-13,SINE,0.01545084971874746,1.3968022466674286
2015-08-14,SINE,0.013938412895876072,1.2600735106700818
2015-08-17,SINE,0.011061587104123832,1.0000000000000107
2015-08-18,SINE,0.007101976096010272,0.6420395219202031
2015-08-19,SINE,0.0024471741852424636,0.22123174208248725
2015-08-20,SINE,-0.0024471741852423456,-0.22123174208247642
2015-08-21,SINE,-0.007101976096010383,-0.642039521920213
2015-08-24,SINE,-0.011061587104123534,-0.9999999999999837
2015-08-25,SINE,-0.013938412895876356,-1.2600735106701075
2015-08-26,SINE,-0.015450849718747457,-1.3968022466674284
2015-08-27,SINE,-0.015450849718747115,-1.3968022466673975
2015-08-28,SINE,-0.013938412895876386,-1.2600735106701102
2015-08-31,SINE,-0.011061587104123582,-0.9999999999999881
2015-09-01,SINE,-0.007101976096010439,-0.642039521920218
2015-09-02,SINE,-0.002447174185242408,-0.22123174208248206
2015-09-03,SINE,0.002447174185242179,0.22123174208246152
2015-09-04,SINE,0.007101976096010439,0.6420395219202181
2015-09-07,SINE,0.011061587104123784,1.0000000000000062
2015-09-08,SINE,0.013938412895876377,1.2600735106701093
2015-09-09,SINE,0.015450849718747113,1.3968022466673973
2015-09-10,SINE,0.015450849718747462,1.3968022466674288
2015-09-11,SINE,0.013938412895876074,1.260073510670082
2015-09-14,SINE,0.011061587104123836,1.0000000000000109
2015-09-15,SINE,0.007101976096010383,0.6420395219202131
2015-09-16,SINE,0.0024471741852423595,0.22123174208247784
2015-09-17,SINE,-0.0024471741852422277,-0.22123174208246577
2015-09-18,SINE,-0.007101976096010487,-0.6420395219202224
2015-09-21,SINE,-0.011061587104123825,-1.00000000000001
2015-09-22,SINE,-0.013938412895876065,-1.260073510670081
2015-09-23,SINE,-0.015450849718747458,-1.3968022466674286
2015-09-24,SINE,-0.015450849718747115,-1.3968022466673975
2015-09-25,SINE,-0.013938412895876388,-1.2600735106701102
2015-09-28,SINE,-0.011061587104123794,-1.000000000000007
2015-09-29,SINE,-0.0071019760960102304,-0.6420395219201991
2015-09-30,SINE,-0.002447174185242415,-0.2212317420824827
2015-10-01,SINE,0.002447174185242172,0.22123174208246088
2015-10-02,SINE,0.0071019760960102304,0.6420395219201993
2015-10-05,SINE,0.011061587104123985,1.0000000000000244
2015-10-06,SINE,0.01393841289587638,1.2600735106701098
2015-10-07,SINE,0.015450849718747111,1.396802246667397
2015-10-08,SINE,0.015450849718747463,1.396802246667429
2015-10-09,SINE,0.013938412895876362,1.260073510670108
2015-10-12,SINE,0.011061587104123544,0.9999999999999847
2015-10-13,SINE,0.007101976096010286,0.6420395219202043
2015-10-14,SINE,0.0024471741852424705,0.22123174208248786
2015-10-15,SINE,-0.0024471741852422277,-0.22123174208246577
2015-10-16,SINE,-0.007101976096010272,-0.6420395219202029
2015-10-19,SINE,-0.011061587104123746,-1.0000000000000029
2015-10-20,SINE,-0.013938412895876348,-1.2600735106701066
2015-10-21,SINE,-0.015450849718747458,-1.3968022466674286
2015-10-22,SINE,-0.015450849718747455,-1.3968022466674281
2015-10-23,SINE,-0.013938412895876337,-1.2600735106701058
2015-10-26,SINE,-0.011061587104123301,-0.9999999999999627
2015-10-27,SINE,-0.0071019760960104455,-0.6420395219202186
2015-10-28,SINE,-0.002447174185242415,-0.2212317420824827
2015-10-29,SINE,0.0024471741852422763,0.2212317420824703
2015-10-30,SINE,0.007101976096010328,0.6420395219202081
2015-11-02,SINE,0.0110615871041232,0.9999999999999536
2015-11-03,SINE,0.013938412895876953,1.2600735106701615
2015-11-04,SINE,0.015450849718747465,1.396802246667429
2015-11-05,SINE,0.015450849718747444,1.3968022466674272
2015-11-06,SINE,0.013938412895875739,1.2600735106700516
2015-11-09,SINE,0.011061587104123836,1.0000000000000109
2015-11-10,SINE,0.007101976096010404,0.642039521920215
2015-11-11,SINE,0.0024471741852423595,0.22123174208247784
2015-11-12,SINE,-0.0024471741852423318,-0.22123174208247517
2015-11-13,SINE,-0.00710197609600996,-0.6420395219201747
2015-11-16,SINE,-0.011061587104123652,-0.9999999999999943
2015-11-17,SINE,-0.013938412895876301,-1.2600735106701024
2015-11-18,SINE,-0.01545084971874815,-1.396802246667491
2015-11-19,SINE,-0.015450849718746763,-1.3968022466673655
2015-11-20,SINE,-0.013938412895876388,-1.2600735106701102
2015-11-23,SINE,-0.011061587104123801,-1.0000000000000078
2015-11-24,SINE,-0.007101976096010348,-0.6420395219202099
2015-11-25,SINE,-0.002447174185242311,-0.2212317420824733
2015-11-26,SINE,0.0024471741852421652,0.22123174208246027
2015-11-27,SINE,0.0071019760960102235,0.6420395219201986
2015-11-30,SINE,0.011061587104123694,0.9999999999999981
2015-12-01,SINE,0.013938412895876325,1.2600735106701046
2015-12-02,SINE,0.015450849718747448,1.3968022466674275
2015-12-03,SINE,0.015450849718747462,1.3968022466674288
2015-12-04,SINE,0.013938412895876367,1.2600735106701084
2015-12-07,SINE,0.01106158710412376,1.000000000000004
2015-12-08,SINE,0.007101976096010307,0.6420395219202062
2015-12-09,SINE,0.0024471741852422554,0.22123174208246843
2015-12-10,SINE,-0.0024471741852422207,-0.22123174208246513
2015-12-11,SINE,-0.007101976096010265,-0.6420395219202023
2015-12-14,SINE,-0.011061587104123735,-1.0000000000000018
2015-12-15,SINE,-0.01393841289587635,-1.2600735106701069
2015-12-16,SINE,-0.015450849718746747,-1.3968022466673642
2015-12-17,SINE,-0.015450849718748164,-1.3968022466674923
2015-12-18,SINE,-0.01393841289587634,-1.260073510670106
2015-12-21,SINE,-0.011061587104123725,-1.0000000000000009
2015-12-22,SINE,-0.007101976096010036,-0.6420395219201815
2015-12-23,SINE,-0.002447174185242422,-0.2212317420824833
2015-12-24,SINE,0.0024471741852422763,0.2212317420824703
2015-12-25,SINE,0.007101976096010314,0.6420395219202069
2015-12-28,SINE,0.01106158710412377,1.000000000000005
2015-12-29,SINE,0.013938412895875697,1.2600735106700478
2015-12-30,SINE,0.01545084971874743,1.396802246667426
2015-12-31,SINE,0.01545084971874748,1.3968022466674306
2016-01-01,SINE,0.013938412895876993,1.260073510670165
2016-01-04,SINE,0.011061587104123267,0.9999999999999596
2016-01-05,SINE,0.007101976096010404,0.642039521920215
2016-01-06,SINE,0.0024471741852423734,0.2212317420824791
2016-01-07,SINE,-0.002447174185242325,-0.22123174208247454
2016-01-08,SINE,-0.007101976096010362,-0.6420395219202111
2016-01-11,SINE,-0.011061587104123236,-0.9999999999999567
2016-01-12,SINE,-0.0139384128958763,-1.2600735106701022
2016-01-13,SINE,-0.015450849718747437,-1.3968022466674266
2016-01-14,SINE,-0.015450849718747472,-1.3968022466674297
2016-01-15,SINE,-0.013938412895876396,-1.260073510670111
2016-01-18,SINE,-0.011061587104123798,-1.0000000000000075
2016-01-19,SINE,-0.007101976096010362,-0.6420395219202111
2016-01-20,SINE,-0.002447174185242318,-0.2212317420824739
2016-01-21,SINE,0.0024471741852423803,0.2212317420824797
2016-01-22,SINE,0.0071019760960099945,0.642039521920178
2016-01-25,SINE,0.011061587104123687,0.9999999999999974
2016-01-26,SINE,0.013938412895876323,1.2600735106701044
2016-01-27,SINE,0.015450849718747446,1.3968022466674275
2016-01-28,SINE,0.015450849718747465,1.396802246667429
2016-01-29,SINE,0.013938412895875794,1.2600735106700567
2016-02-01,SINE,0.011061587104124346,1.000000000000057
2016-02-02,SINE,0.0071019760960103,0.6420395219202055
2016-02-03,SINE,0.0024471741852422693,0.22123174208246968
2016-02-04,SINE,-0.002447174185242214,-0.2212317420824645
2016-02-05,SINE,-0.007101976096010258,-0.6420395219202016
2016-02-08,SINE,-0.011061587104123728,-1.0000000000000013
2016-02-09,SINE,-0.013938412895876346,-1.2600735106701066
2016-02-10,SINE,-0.015450849718747457,-1.3968022466674284
2016-02-11,SINE,-0.01545084971874678,-1.396802246667367
2016-02-12,SINE,-0.013938412895876447,-1.2600735106701155
2016-02-15,SINE,-0.01106158710412388,-1.000000000000015
2016-02-16,SINE,-0.0071019760960106815,-0.6420395219202399
2016-02-17,SINE,-0.002447174185242214,-0.2212317420824645
2016-02-18,SINE,0.0024471741852422693,0.22123174208246968
2016-02-19,SINE,0.0071019760960103,0.6420395219202055
2016-02-22,SINE,0.01106158710412377,1.000000000000005
2016-02-23,SINE,0.01393841289587637,1.2600735106701086
2016-02-24,SINE,0.015450849718746754,1.3968022466673649
2016-02-25,SINE,0.015450849718747483,1.3968022466674306
2016-02-26,SINE,0.013938412895876422,1.2600735106701135
2016-02-29,SINE,0.011061587104123846,1.000000000000012
2016-03-01,SINE,0.007101976096010411,0.6420395219202156
2016-03-02,SINE,0.0024471741852423803,0.2212317420824797
2016-03-03,SINE,-0.002447174185242318,-0.2212317420824739
2016-03-04,SINE,-0.007101976096010362,-0.6420395219202111
2016-03-07,SINE,-0.011061587104123798,-1.0000000000000075
2016-03-08,SINE,-0.013938412895875718,-1.2600735106700498
2016-03-09,SINE,-0.01545084971874744,-1.3968022466674268
2016-03-10,SINE,-0.015450849718747474,-1.39680224666743
2016-03-11,SINE,-0.013938412895876398,-1.2600735106701113
2016-03-14,SINE,-0.011061587104123811,-1.0000000000000089
2016-03-15,SINE,-0.00710197609601014,-0.642039521920191
2016-03-16,SINE,-0.002447174185242547,-0.2212317420824946
2016-03-17,SINE,0.0024471741852423734,0.2212317420824791
2016-03-18,SINE,0.007101976096010404,0.642039521920215
2016-03-21,SINE,0.011061587104123267,0.9999999999999596
2016-03-22,SINE,0.013938412895876317,1.260073510670104
2016-03-23,SINE,0.015450849718747446,1.3968022466674275
2016-03-24,SINE,0.015450849718747467,1.3968022466674292
2016-03-25,SINE,0.013938412895876372,1.2600735106701089
2016-03-28,SINE,0.011061587104123353,0.9999999999999674
2016-03-29,SINE,0.007101976096010515,0.6420395219202251
2016-03-30,SINE,0.0024471741852424914,0.22123174208248975
2016-03-31,SINE,-0.002447174185242207,-0.22123174208246388
2016-04-01,SINE,-0.007101976096010251,-0.642039521920201
2016-04-04,SINE,-0.011061587104123149,-0.9999999999999489
2016-04-05,SINE,-0.013938412895876917,-1.2600735106701582
2016-04-06,SINE,-0.015450849718746744,-1.396802246667364
2016-04-07,SINE,-0.015450849718748168,-1.3968022466674925
2016-04-08,SINE,-0.01393841289587635,-1.2600735106701069
2016-04-11,SINE,-0.011061587104123319,-0.9999999999999643
2016-04-12,SINE,-0.0071019760960106815,-0.6420395219202399
2016-04-13,SINE,-0.0024471741852422207,-0.22123174208246513
2016-04-14,SINE,0.0024471741852422554,0.22123174208246843
2016-04-15,SINE,0.0071019760960098904,0.6420395219201686
2016-04-18,SINE,0.011061587104124176,1.0000000000000417
2016-04-19,SINE,0.013938412895875689,1.2600735106700471
2016-04-20,SINE,0.01545084971874814,1.39680224666749
2016-04-21,SINE,0.015450849718746773,1.3968022466673666
2016-04-22,SINE,0.013938412895876428,1.260073510670114
2016-04-25,SINE,0.011061587104124266,1.00000000000005
2016-04-26,SINE,0.0071019760960100015,0.6420395219201785
2016-04-27,SINE,0.0024471741852423873,0.22123174208248034
2016-04-28,SINE,-0.002447174185242089,-0.22123174208245322
2016-04-29,SINE,-0.0071019760960105704,-0.6420395219202298
2016-05-02,SINE,-0.011061587104123225,-0.9999999999999558
2016-05-03,SINE,-0.013938412895876964,-1.2600735106701624
2016-05-04,SINE,-0.015450849718746763,-1.3968022466673655
2016-05-05,SINE,-0.015450849718747474,-1.39680224666743
2016-05-06,SINE,-0.013938412895875826,-1.2600735106700596
2016-05-09,SINE,-0.011061587104124387,-1.0000000000000608
2016-05-10,SINE,-0.007101976096010376,-0.6420395219202123
2016-05-11,SINE,-0.0024471741852423318,-0.22123174208247517
2016-05-12,SINE,0.0024471741852423595,0.22123174208247784
2016-05-13,SINE,0.007101976096009988,0.6420395219201773
2016-05-16,SINE,0.011061587104124252,1.0000000000000486
2016-05-17,SINE,0.013938412895875739,1.2600735106700516
2016-05-18,SINE,0.015450849718747444,1.3968022466674272
2016-05-19,SINE,0.015450849718746792,1.3968022466673682
2016-05-20,SINE,0.013938412895877054,1.2600735106701706
2016-05-23,SINE,0.011061587104123773,1.0000000000000053
2016-05-24,SINE,0.0071019760960101055,0.642039521920188
2016-05-25,SINE,0.0024471741852424983,0.22123174208249038
2016-05-26,SINE,-0.002447174185242193,-0.22123174208246263
2016-05-27,SINE,-0.007101976096010668,-0.6420395219202386
2016-05-30,SINE,-0.011061587104123301,-0.9999999999999627
2016-05-31,SINE,-0.013938412895876339,-1.260073510670106
2016-06-01,SINE,-0.015450849718746742,-1.3968022466673637
2016-06-02,SINE,-0.01545084971874817,-1.3968022466674928
2016-06-03,SINE,-0.013938412895875775,-1.260073510670055
2016-06-06,SINE,-0.011061587104123895,-1.0000000000000162
2016-06-07,SINE,-0.007101976096010695,-0.6420395219202412
2016-06-08,SINE,-0.0024471741852422277,-0.22123174208246577
2016-06-09,SINE,0.0024471741852424705,0.22123174208248786
2016-06-10,SINE,0.007101976096010071,0.6420395219201849
2016-06-13,SINE,0.01106158710412376,1.000000000000004
2016-06-14,SINE,0.013938412895875687,1.260073510670047
2016-06-15,SINE,0.015450849718748138,1.3968022466674899
2016-06-16,SINE,0.015450849718746773,1.3968022466673666
2016-06-17,SINE,0.013938412895876428,1.260073510670114
2016-06-20,SINE,0.011061587104123444,0.9999999999999756
2016-06-21,SINE,0.007101976096010841,0.6420395219202545
2016-06-22,SINE,0.0024471741852423942,0.22123174208248098
2016-06-23,SINE,-0.002447174185242304,-0.22123174208247265
2016-06-24,SINE,-0.0071019760960103415,-0.6420395219202092
2016-06-27,SINE,-0.011061587104123222,-0.9999999999999555
2016-06-28,SINE,-0.01393841289587696,-1.2600735106701622
2016-06-29,SINE,-0.01545084971874676,-1.3968022466673653
2016-06-30,SINE,-0.015450849718747476,-1.3968022466674301
2016-07-01,SINE,-0.013938412895875827,-1.2600735106700596
2016-07-04,SINE,-0.011061587104124401,-1.0000000000000622
2016-07-05,SINE,-0.007101976096010154,-0.6420395219201922
2016-07-06,SINE,-0.0024471741852425608,-0.22123174208249585
2016-07-07,SINE,0.0024471741852423595,0.22123174208247784
2016-07-08,SINE,0.007101976096009967,0.6420395219201754
2016-07-11,SINE,0.011061587104124252,1.0000000000000486
2016-07-12,SINE,0.013938412895875735,1.2600735106700514
2016-07-13,SINE,0.015450849718747444,1.3968022466674272
2016-07-14,SINE,0.01545084971874679,1.3968022466673682
2016-07-15,SINE,0.013938412895877056,1.2600735106701706
2016-07-18,SINE,0.011061587104123367,0.9999999999999686
2016-07-19,SINE,0.007101976096010744,0.6420395219202457
2016-07-20,SINE,0.00244717418524229,0.22123174208247157
2016-07-21,SINE,-0.002447174185242193,-0.22123174208246263
2016-07-22,SINE,-0.007101976096010654,-0.6420395219202374
2016-07-25,SINE,-0.011061587104122722,-0.9999999999999103
2016-07-26,SINE,-0.013938412895876908,-1.2600735106701573
2016-07-27,SINE,-0.015450849718746742,-1.3968022466673637
2016-07-28,SINE,-0.015450849718748171,-1.396802246667493
2016-07-29,SINE,-0.013938412895875777,-1.2600735106700551
2016-08-01,SINE,-0.011061587104124325,-1.0000000000000553
2016-08-02,SINE,-0.007101976096010057,-0.6420395219201834
2016-08-03,SINE,-0.0024471741852424567,-0.22123174208248644
2016-08-04,SINE,0.0024471741852422416,0.22123174208246715
2016-08-05,SINE,0.00710197609600987,0.6420395219201667
2016-08-08,SINE,0.011061587104124165,1.0000000000000409
2016-08-09,SINE,0.013938412895875687,1.260073510670047
2016-08-10,SINE,0.015450849718748138,1.3968022466674899
2016-08-11,SINE,0.015450849718746775,1.3968022466673666
2016-08-12,SINE,0.013938412895877005,1.2600735106701662
2016-08-15,SINE,0.011061587104123291,0.9999999999999617
2016-08-16,SINE,0.007101976096010647,0.6420395219202369
2016-08-17,SINE,0.002447174185242186,0.22123174208246216
2016-08-18,SINE,-0.002447174185242075,-0.22123174208245194
2016-08-19,SINE,-0.007101976096010557,-0.6420395219202286
2016-08-22,SINE,-0.011061587104123215,-0.9999999999999548
2016-08-23,SINE,-0.013938412895876958,-1.260073510670162
2016-08-24,SINE,-0.015450849718746757,-1.396802246667365
2016-08-25,SINE,-0.015450849718748152,-1.3968022466674912
2016-08-26,SINE,-0.01393841289587573,-1.260073510670051
2016-08-29,SINE,-0.011061587104124242,-1.0000000000000477
2016-08-30,SINE,-0.007101976096009967,-0.6420395219201753
2016-08-31,SINE,-0.0024471741852423526,-0.22123174208247703
2016-09-01,SINE,0.0024471741852419085,0.22123174208243707
2016-09-02,SINE,0.007101976096010411,0.6420395219202156
2016-09-05,SINE,0.011061587104124242,1.0000000000000477
2016-09-06,SINE,0.01393841289587573,1.260073510670051
2016-09-07,SINE,0.015450849718748152,1.3968022466674912
2016-09-08,SINE,0.015450849718746757,1.396802246667365
2016-09-09,SINE,0.013938412895876958,1.260073510670162
2016-09-12,SINE,0.011061587104123215,0.9999999999999548
2016-09-13,SINE,0.0071019760960101125,0.6420395219201886
2016-09-14,SINE,0.002447174185242519,0.22123174208249224
2016-09-15,SINE,-0.002447174185242186,-0.221231742082462
2016-09-16,SINE,-0.007101976096009814,-0.6420395219201614
2016-09-19,SINE,-0.011061587104124124,-1.000000000000037
2016-09-20,SINE,-0.013938412895877005,-1.2600735106701662
2016-09-21,SINE,-0.015450849718746777,-1.3968022466673669
2016-09-22,SINE,-0.015450849718748137,-1.3968022466674899
2016-09-23,SINE,-0.013938412895875687,-1.260073510670047
2016-09-26,SINE,-0.011061587104123326,-0.9999999999999649
2016-09-27,SINE,-0.007101976096010265,-0.6420395219202023
2016-09-28,SINE,-0.0024471741852426857,-0.22123174208250715
2016-09-29,SINE,0.0024471741852420195,0.22123174208244709
2016-09-30,SINE,0.007101976096010494,0.6420395219202232
2016-10-03,SINE,0.011061587104123177,0.9999999999999514
2016-10-04,SINE,0.013938412895876925,1.2600735106701588
2016-10-05,SINE,0.015450849718748171,1.396802246667493
2016-10-06,SINE,0.015450849718746742,1.3968022466673637
2016-10-07,SINE,0.01393841289587576,1.2600735106700536
2016-10-10,SINE,0.011061587104123454,0.9999999999999765
2016-10-11,SINE,0.007101976096010855,0.6420395219202557
2016-10-12,SINE,0.002447174185242408,0.22123174208248222
2016-10-13,SINE,-0.00244717418524229,-0.2212317420824714
2016-10-14,SINE,-0.007101976096009911,-0.6420395219201703
2016-10-17,SINE,-0.0110615871041242,-1.000000000000044
2016-10-18,SINE,-0.013938412895875704,-1.2600735106700485
2016-10-19,SINE,-0.015450849718748142,-1.3968022466674903
2016-10-20,SINE,-0.015450849718746768,-1.396802246667366
2016-10-21,SINE,-0.013938412895875836,-1.2600735106700605
2016-10-24,SINE,-0.011061587104124412,-1.000000000000063
2016-10-25,SINE,-0.007101976096010168,-0.6420395219201935
2016-10-26,SINE,-0.0024471741852425746,-0.22123174208249713
2016-10-27,SINE,0.0024471741852421236,0.2212317420824565
2016-10-28,SINE,0.007101976096010591,0.642039521920232
2016-10-31,SINE,0.011061587104123253,0.9999999999999583
2016-11-01,SINE,0.013938412895876976,1.2600735106701635
2016-11-02,SINE,0.015450849718746766,1.396802246667366
2016-11-03,SINE,0.015450849718746796,1.3968022466673686
2016-11-04,SINE,0.01393841289587706,1.2600735106701713
2016-11-07,SINE,0.01106158710412337,0.9999999999999689
2016-11-08,SINE,0.007101976096010765,0.6420395219202476
2016-11-09,SINE,0.002447174185242304,0.22123174208247282
2016-11-10,SINE,-0.0024471741852423942,-0.2212317420824808
2016-11-11,SINE,-0.007101976096010008,-0.6420395219201791
2016-11-14,SINE,-0.011061587104124276,-1.0000000000000508
2016-11-15,SINE,-0.013938412895875751,-1.2600735106700527
2016-11-16,SINE,-0.01545084971874674,-1.3968022466673635
2016-11-17,SINE,-0.015450849718748173,-1.3968022466674932
2016-11-18,SINE,-0.013938412895875786,-1.2600735106700558
2016-11-21,SINE,-0.011061587104124335,-1.0000000000000562
2016-11-22,SINE,-0.007101976096010071,-0.6420395219201848
2016-11-23,SINE,-0.0024471741852424705,-0.22123174208248772
2016-11-24,SINE,0.0024471741852422277,0.2212317420824659
2016-11-25,SINE,0.007101976096010695,0.6420395219202413
2016-11-28,SINE,0.011061587104123322,0.9999999999999646
2016-11-29,SINE,0.013938412895875673,1.2600735106700456
2016-11-30,SINE,0.015450849718746712,1.396802246667361
2016-12-01,SINE,0.015450849718748199,1.3968022466674954
2016-12-02,SINE,0.013938412895877014,1.2600735106701668
2016-12-05,SINE,0.011061587104123301,0.9999999999999627
2016-12-06,SINE,0.007101976096010668,0.6420395219202388
2016-12-07,SINE,0.002447174185242193,0.22123174208246277
2016-12-08,SINE,-0.0024471741852424983,-0.22123174208249022
2016-12-09,SINE,-0.0071019760960101055,-0.6420395219201879
2016-12-12,SINE,-0.0110615871041232,-0.9999999999999536
2016-12-13,SINE,-0.0139384128958756,-1.2600735106700391
2016-12-14,SINE,-0.015450849718748109,-1.3968022466674872
2016-12-15,SINE,-0.015450849718746803,-1.3968022466673693
2016-12-16,SINE,-0.01393841289587709,-1.260073510670174
2016-12-19,SINE,-0.011061587104124252,-1.0000000000000486
2016-12-20,SINE,-0.007101976096009988,-0.6420395219201772
2016-12-21,SINE,-0.0024471741852423595,-0.22123174208247767
2016-12-22,SINE,0.0024471741852423318,0.2212317420824753
2016-12-23,SINE,0.00710197609600996,0.6420395219201749
2016-12-26,SINE,0.011061587104123076,0.9999999999999423
2016-12-27,SINE,0.013938412895876877,1.2600735106701546
2016-12-28,SINE,0.01545084971874673,1.3968022466673626
2016-12-29,SINE,0.015450849718748183,1.396802246667494
2016-12-30,SINE,0.013938412895875815,1.2600735106700585
2017-01-02,SINE,0.011061587104124374,1.0000000000000595
2017-01-03,SINE,0.0071019760960105704,0.6420395219202301
2017-01-04,SINE,0.002447174185242089,0.22123174208245336
2017-01-05,SINE,-0.0024471741852421652,-0.2212317420824601
2017-01-06,SINE,-0.007101976096009807,-0.6420395219201609
2017-01-09,SINE,-0.01106158710412411,-1.0000000000000357
2017-01-10,SINE,-0.013938412895875649,-1.2600735106700436
2017-01-11,SINE,-0.015450849718748124,-1.3968022466674888
2017-01-12,SINE,-0.015450849718746789,-1.396802246667368
2017-01-13,SINE,-0.01393841289587704,-1.2600735106701693
2017-01-16,SINE,-0.011061587104123343,-0.9999999999999665
2017-01-17,SINE,-0.007101976096010723,-0.6420395219202437
2017-01-18,SINE,-0.0024471741852422554,-0.22123174208246826
2017-01-19,SINE,0.0024471741852419987,0.2212317420824452
2017-01-20,SINE,0.007101976096010487,0.6420395219202225
2017-01-23,SINE,0.01106158710412316,0.9999999999999498
2017-01-24,SINE,0.013938412895876925,1.2600735106701588
2017-01-25,SINE,0.015450849718746747,1.3968022466673642
2017-01-26,SINE,0.015450849718748164,1.3968022466674923
2017-01-27,SINE,0.013938412895875768,1.2600735106700542
2017-01-30,SINE,0.011061587104124297,1.0000000000000526
2017-01-31,SINE,0.007101976096010036,0.6420395219201818
2017-02-01,SINE,0.002447174185242422,0.22123174208248347
2017-02-02,SINE,-0.0024471741852422763,-0.22123174208247015
2017-02-03,SINE,-0.007101976096009897,-0.642039521920169
2017-02-06,SINE,-0.011061587104124186,-1.0000000000000426
2017-02-07,SINE,-0.013938412895875697,-1.2600735106700478
2017-02-08,SINE,-0.015450849718748142,-1.3968022466674903
2017-02-09,SINE,-0.01545084971874677,-1.3968022466673662
2017-02-10,SINE,-0.013938412895876993,-1.260073510670165
2017-02-13,SINE,-0.011061587104123267,-0.9999999999999596
2017-02-14,SINE,-0.007101976096010189,-0.6420395219201954
2017-02-15,SINE,-0.0024471741852425885,-0.22123174208249838
2017-02-16,SINE,0.0024471741852421097,0.22123174208245525
2017-02-17,SINE,0.007101976096010577,0.6420395219202306
2017-02-20,SINE,0.011061587104123236,0.9999999999999567
2017-02-21,SINE,0.013938412895876974,1.2600735106701633
2017-02-22,SINE,0.015450849718746763,1.3968022466673655
2017-02-23,SINE,0.01545084971874815,1.396802246667491
2017-02-24,SINE,0.013938412895875718,1.2600735106700498
2017-02-27,SINE,0.011061587104123381,0.9999999999999699
2017-02-28,SINE,0.0071019760960103415,0.6420395219202093
2017-03-01,SINE,0.002447174185242755,0.2212317420825136
2017-03-02,SINE,-0.0024471741852423803,-0.22123174208247956
2017-03-03,SINE,-0.0071019760960099945,-0.6420395219201778
2017-03-06,SINE,-0.011061587104124262,-1.0000000000000495
2017-03-07,SINE,-0.013938412895875748,-1.2600735106700525
2017-03-08,SINE,-0.015450849718748157,-1.3968022466674916
2017-03-09,SINE,-0.015450849718746754,-1.3968022466673649
2017-03-10,SINE,-0.013938412895875794,-1.2600735106700567
2017-03-13,SINE,-0.011061587104123506,-0.9999999999999811
2017-03-14,SINE,-0.007101976096010924,-0.6420395219202618
2017-03-15,SINE,-0.0024471741852424844,-0.22123174208248897
2017-03-16,SINE,0.002447174185242214,0.22123174208246466
2017-03-17,SINE,0.0071019760960106815,0.64203952192024
2017-03-20,SINE,0.011061587104123305,0.999999999999963
2017-03-21,SINE,0.013938412895877023,1.2600735106701677
2017-03-22,SINE,0.01545084971874678,1.396802246667367
2017-03-23,SINE,0.01545084971874678,1.396802246667367
2017-03-24,SINE,0.013938412895875874,1.2600735106700638
2017-03-27,SINE,0.011061587104124453,1.0000000000000668
2017-03-28,SINE,0.007101976096010244,0.6420395219202005
2017-03-29,SINE,0.002447174185242651,0.22123174208250418
2017-03-30,SINE,-0.0024471741852420473,-0.22123174208244945
2017-03-31,SINE,-0.007101976096010522,-0.6420395219202255
2017-04-03,SINE,-0.011061587104124346,-1.000000000000057
2017-04-04,SINE,-0.013938412895875794,-1.2600735106700567
2017-04-05,SINE,-0.015450849718746754,-1.3968022466673649
2017-04-06,SINE,-0.015450849718746808,-1.3968022466673697
2017-04-07,SINE,-0.013938412895877097,-1.2600735106701744
2017-04-10,SINE,-0.01106158710412343,-0.9999999999999742
2017-04-11,SINE,-0.007101976096010827,-0.642039521920253
2017-04-12,SINE,-0.0024471741852423803,-0.22123174208247956
2017-04-13,SINE,0.002447174185242318,0.22123174208247406
2017-04-14,SINE,0.007101976096009939,0.642039521920173
2017-04-17,SINE,0.01106158710412422,1.0000000000000457
2017-04-18,SINE,0.013938412895875718,1.2600735106700498
2017-04-19,SINE,0.01545084971874673,1.3968022466673626
2017-04-20,SINE,0.015450849718748183,1.396802246667494
2017-04-21,SINE,0.013938412895875819,1.260073510670059
2017-04-24,SINE,0.01106158710412439,1.000000000000061
2017-04-25,SINE,0.00710197609601014,0.6420395219201911
2017-04-26,SINE,0.002447174185242547,0.22123174208249477
2017-04-27,SINE,-0.0024471741852421514,-0.22123174208245885
2017-04-28,SINE,-0.007101976096010626,-0.642039521920235
2017-05-01,SINE,-0.011061587104123267,-0.9999999999999596
2017-05-02,SINE,-0.013938412895875642,-1.260073510670043
2017-05-03,SINE,-0.015450849718748121,-1.3968022466674883
2017-05-04,SINE,-0.015450849718746789,-1.396802246667368
2017-05-05,SINE,-0.01393841289587705,-1.2600735106701701
2017-05-08,SINE,-0.011061587104123353,-0.9999999999999674
2017-05-09,SINE,-0.00710197609601073,-0.6420395219202443
2017-05-10,SINE,-0.0024471741852422763,-0.22123174208247015
2017-05-11,SINE,0.002447174185242422,0.22123174208248347
2017-05-12,SINE,0.007101976096010036,0.6420395219201818
2017-05-15,SINE,0.011061587104123149,0.9999999999999489
2017-05-16,SINE,0.013938412895876917,1.2600735106701582
2017-05-17,SINE,0.015450849718746744,1.396802246667364
2017-05-18,SINE,0.015450849718748168,1.3968022466674925
2017-05-19,SINE,0.01393841289587577,1.2600735106700545
2017-05-22,SINE,0.011061587104124315,1.0000000000000542
2017-05-23,SINE,0.007101976096010043,0.6420395219201823
2017-05-24,SINE,0.002447174185242443,0.22123174208248536
2017-05-25,SINE,-0.0024471741852422554,-0.22123174208246826
2017-05-26,SINE,-0.0071019760960098904,-0.6420395219201684
2017-05-29,SINE,-0.01106158710412302,-0.9999999999999373
2017-05-30,SINE,-0.013938412895876844,-1.2600735106701515
2017-05-31,SINE,-0.01545084971874814,-1.39680224666749
2017-06-01,SINE,-0.015450849718746773,-1.3968022466673666
2017-06-02,SINE,-0.013938412895877,-1.2600735106701657
2017-06-05,SINE,-0.011061587104123277,-0.9999999999999605
2017-06-06,SINE,-0.00710197609601064,-0.6420395219202362
2017-06-07,SINE,-0.0024471741852421652,-0.2212317420824601
2017-06-08,SINE,0.002447174185242089,0.22123174208245336
2017-06-09,SINE,0.007101976096009731,0.6420395219201541
2017-06-12,SINE,0.011061587104124065,1.0000000000000318
2017-06-13,SINE,0.013938412895875612,1.2600735106700403
2017-06-14,SINE,0.015450849718748114,1.3968022466674876
2017-06-15,SINE,0.01545084971874815,1.396802246667491
2017-06-16,SINE,0.013938412895875728,1.2600735106700507
2017-06-19,SINE,0.011061587104124224,1.0000000000000462
2017-06-20,SINE,0.00710197609600996,0.6420395219201749
2017-06-21,SINE,0.0024471741852423318,0.2212317420824753
2017-06-22,SINE,-0.0024471741852419224,-0.22123174208243815
2017-06-23,SINE,-0.007101976096010425,-0.6420395219202167
2017-06-26,SINE,-0.011061587104123104,-0.9999999999999448
2017-06-27,SINE,-0.013938412895876887,-1.2600735106701555
2017-06-28,SINE,-0.015450849718746733,-1.3968022466673629
2017-06-29,SINE,-0.015450849718748176,-1.3968022466674934
2017-06-30,SINE,-0.013938412895875801,-1.2600735106700574
2017-07-03,SINE,-0.011061587104124353,-1.0000000000000577
2017-07-04,SINE,-0.0071019760960101055,-0.6420395219201879
2017-07-05,SINE,-0.0024471741852424983,-0.22123174208249022
2017-07-06,SINE,0.002447174185241756,0.22123174208242324
2017-07-07,SINE,0.007101976096011105,0.6420395219202784
2017-07-10,SINE,0.011061587104123301,0.9999999999999627
2017-07-11,SINE,0.013938412895875663,1.2600735106700447
2017-07-12,SINE,0.015450849718746709,1.3968022466673606
2017-07-13,SINE,0.015450849718749554,1.396802246667618
2017-07-14,SINE,0.01393841289587568,1.2600735106700462
2017-07-17,SINE,0.011061587104123315,0.9999999999999639
2017-07-18,SINE,0.007101976096010695,0.6420395219202413
2017-07-19,SINE,0.0024471741852422277,0.2212317420824659
2017-07-20,SINE,-0.0024471741852420265,-0.22123174208244756
2017-07-21,SINE,-0.007101976096009682,-0.6420395219201496
2017-07-24,SINE,-0.011061587104125168,-1.0000000000001315
2017-07-25,SINE,-0.013938412895875786,-1.2600735106700558
2017-07-26,SINE,-0.015450849718746752,-1.3968022466673646
2017-07-27,SINE,-0.01545084971874681,-1.3968022466673697
2017-07-28,SINE,-0.013938412895877102,-1.2600735106701748
2017-07-31,SINE,-0.011061587104123444,-0.9999999999999756
2017-08-01,SINE,-0.007101976096010404,-0.6420395219202149
2017-08-02,SINE,-0.0024471741852428314,-0.22123174208252033
2017-08-03,SINE,0.002447174185242304,0.22123174208247282
2017-08-04,SINE,0.007101976096009925,0.6420395219201717
2017-08-07,SINE,0.011061587104123062,0.999999999999941
2017-08-08,SINE,0.013938412895878213,1.2600735106702752
2017-08-09,SINE,0.015450849718746794,1.3968022466673684
2017-08-10,SINE,0.015450849718746764,1.3968022466673657
2017-08-11,SINE,0.013938412895875827,1.2600735106700596
2017-08-14,SINE,0.011061587104124401,1.0000000000000622
2017-08-15,SINE,0.007101976096010154,0.6420395219201924
2017-08-16,SINE,0.0024471741852425608,0.22123174208249602
2017-08-17,SINE,-0.0024471741852425746,-0.22123174208249713
2017-08-18,SINE,-0.007101976096010168,-0.6420395219201935
2017-08-21,SINE,-0.011061587104123263,-0.9999999999999593
2017-08-22,SINE,-0.013938412895875633,-1.260073510670042
2017-08-23,SINE,-0.01545084971874812,-1.3968022466674883
2017-08-24,SINE,-0.01545084971874679,-1.3968022466673682
2017-08-25,SINE,-0.013938412895875907,-1.260073510670067
2017-08-28,SINE,-0.011061587104123676,-0.9999999999999966
2017-08-29,SINE,-0.0071019760960115835,-0.6420395219203214
2017-08-30,SINE,-0.00244717418524229,-0.2212317420824714
2017-08-31,SINE,0.002447174185241971,0.2212317420824427
2017-09-01,SINE,0.007101976096011292,0.6420395219202952
2017-09-04,SINE,0.011061587104123454,0.9999999999999765
2017-09-05,SINE,0.01393841289587576,1.2600735106700536
2017-09-06,SINE,0.015450849718746742,1.3968022466673637
2017-09-07,SINE,0.015450849718748171,1.396802246667493
2017-09-08,SINE,0.013938412895875777,1.2600735106700551
2017-09-11,SINE,0.011061587104123485,0.9999999999999793
2017-09-12,SINE,0.007101976096010459,0.64203952192022
2017-09-13,SINE,0.002447174185242894,0.22123174208252613
2017-09-14,SINE,-0.0024471741852422416,-0.22123174208246701
2017-09-15,SINE,-0.00710197609600987,-0.6420395219201666
2017-09-18,SINE,-0.011061587104124165,-1.0000000000000409
2017-09-19,SINE,-0.013938412895875687,-1.260073510670047
2017-09-20,SINE,-0.015450849718746716,-1.3968022466673613
2017-09-21,SINE,-0.015450849718746846,-1.396802246667373
2017-09-22,SINE,-0.013938412895878357,-1.2600735106702883
2017-09-25,SINE,-0.011061587104123291,-0.9999999999999617
2017-09-26,SINE,-0.00710197609601021,-0.6420395219201973
2017-09-27,SINE,-0.002447174185242623,-0.22123174208250151
2017-09-28,SINE,0.002447174185242519,0.22123174208249224
2017-09-29,SINE,0.0071019760960101125,0.6420395219201886
2017-10-02,SINE,0.011061587104123215,0.9999999999999548
2017-10-03,SINE,0.013938412895876958,1.260073510670162
2017-10-04,SINE,0.015450849718746757,1.396802246667365
2017-10-05,SINE,0.0154508497187468,1.396802246667369
2017-10-06,SINE,0.013938412895875933,1.2600735106700691
2017-10-09,SINE,0.01106158710412539,1.0000000000001514
2017-10-10,SINE,0.007101976096009967,0.6420395219201754
2017-10-11,SINE,0.0024471741852423526,0.2212317420824772
2017-10-12,SINE,-0.0024471741852423526,-0.22123174208247703
2017-10-13,SINE,-0.007101976096009967,-0.6420395219201753
2017-10-16,SINE,-0.011061587104123093,-0.9999999999999438
2017-10-17,SINE,-0.013938412895875527,-1.2600735106700325
2017-10-18,SINE,-0.015450849718749503,-1.3968022466676133
2017-10-19,SINE,-0.015450849718746757,-1.396802246667365
2017-10-20,SINE,-0.01393841289587581,-1.260073510670058
2017-10-23,SINE,-0.01106158710412353,-0.9999999999999833
2017-10-24,SINE,-0.007101976096011389,-0.6420395219203039
2017-10-25,SINE,-0.002447174185242075,-0.22123174208245194
2017-10-26,SINE,0.002447174185242186,0.22123174208246216
2017-10-27,SINE,0.007101976096010647,0.6420395219202369
2017-10-30,SINE,0.011061587104123291,0.9999999999999617
2017-10-31,SINE,0.013938412895875654,1.260073510670044
2017-11-01,SINE,0.015450849718746705,1.3968022466673604
2017-11-02,SINE,0.015450849718749559,1.3968022466676184
2017-11-03,SINE,0.013938412895875687,1.260073510670047
2017-11-06,SINE,0.011061587104123326,0.9999999999999649
2017-11-07,SINE,0.007101976096010265,0.6420395219202024
2017-11-08,SINE,0.0024471741852426857,0.22123174208250732
2017-11-09,SINE,-0.0024471741852420195,-0.22123174208244695
2017-11-10,SINE,-0.0071019760960096615,-0.6420395219201477
2017-11-13,SINE,-0.011061587104125158,-1.0000000000001306
2017-11-14,SINE,-0.01393841289587578,-1.2600735106700554
2017-11-15,SINE,-0.015450849718746747,-1.3968022466673642
2017-11-16,SINE,-0.015450849718746811,-1.39680224666737
2017-11-17,SINE,-0.01393841289587826,-1.2600735106702796
2017-11-20,SINE,-0.011061587104123138,-0.9999999999999479
2017-11-21,SINE,-0.007101976096010022,-0.6420395219201803
2017-11-22,SINE,-0.002447174185242408,-0.22123174208248206
2017-11-23,SINE,0.00244717418524229,0.22123174208247157
2017-11-24,SINE,0.007101976096009911,0.6420395219201704
2017-11-27,SINE,0.011061587104123048,0.9999999999999398
2017-11-28,SINE,0.013938412895878207,1.2600735106702747
2017-11-29,SINE,0.01545084971874679,1.3968022466673682
2017-11-30,SINE,0.015450849718746768,1.396802246667366
2017-12-01,SINE,0.013938412895875836,1.2600735106700605
2017-12-04,SINE,0.011061587104124412,1.000000000000063
2017-12-05,SINE,0.007101976096010168,0.6420395219201936
2017-12-06,SINE,0.0024471741852425746,0.22123174208249727
2017-12-07,SINE,-0.0024471741852416865,-0.22123174208241683
2017-12-08,SINE,-0.007101976096011028,-0.6420395219202713
2017-12-11,SINE,-0.011061587104123253,-0.9999999999999583
2017-12-12,SINE,-0.013938412895875624,-1.2600735106700414
2017-12-13,SINE,-0.015450849718749538,-1.3968022466676164
2017-12-14,SINE,-0.015450849718746726,-1.3968022466673622
2017-12-15,SINE,-0.01393841289587571,-1.260073510670049
2017-12-18,SINE,-0.01106158710412337,-0.9999999999999689
2017-12-19,SINE,-0.007101976096010765,-0.6420395219202475
2017-12-20,SINE,-0.002447174185242304,-0.22123174208247265
2017-12-21,SINE,0.002447174185241957,0.22123174208244145
2017-12-22,SINE,0.007101976096009613,0.6420395219201435
2017-12-25,SINE,0.011061587104125109,1.0000000000001261
2017-12-26,SINE,0.013938412895875751,1.2600735106700527
2017-12-27,SINE,0.01545084971874674,1.3968022466673635
2017-12-28,SINE,0.015450849718748173,1.3968022466674932
2017-12-29,SINE,0.013938412895875786,1.2600735106700558
2018-01-01,SINE,0.011061587104123496,0.9999999999999802
2018-01-02,SINE,0.007101976096010473,0.6420395219202213
2018-01-03,SINE,0.0024471741852429077,0.22123174208252738
2018-01-04,SINE,-0.0024471741852422277,-0.22123174208246577
2018-01-05,SINE,-0.007101976096009856,-0.6420395219201652
2018-01-08,SINE,-0.011061587104123007,-0.999999999999936
2018-01-09,SINE,-0.013938412895878181,-1.2600735106702725
2018-01-10,SINE,-0.01545084971874678,-1.396802246667367
2018-01-11,SINE,-0.015450849718746778,-1.396802246667367
2018-01-12,SINE,-0.013938412895877014,-1.2600735106701668
2018-01-15,SINE,-0.011061587104123301,-0.9999999999999627
2018-01-16,SINE,-0.0071019760960102235,-0.6420395219201985
2018-01-17,SINE,-0.002447174185242637,-0.22123174208250276
2018-01-18,SINE,0.0024471741852424983,0.22123174208249038
2018-01-19,SINE,0.0071019760960101055,0.642039521920188
2018-01-22,SINE,0.0110615871041232,0.9999999999999536
2018-01-23,SINE,0.0139384128958756,1.2600735106700391
2018-01-24,SINE,0.015450849718748109,1.3968022466674872
2018-01-25,SINE,0.015450849718746803,1.3968022466673693
2018-01-26,SINE,0.013938412895875942,1.26007351067007
2018-01-29,SINE,0.0110615871041254,1.0000000000001523
2018-01-30,SINE,0.007101976096009988,0.6420395219201773
2018-01-31,SINE,0.0024471741852423595,0.22123174208247784
2018-02-01,SINE,-0.0024471741852418946,-0.22123174208243565
2018-02-02,SINE,-0.00710197609601123,-0.6420395219202895
2018-02-05,SINE,-0.011061587104123392,-0.9999999999999708
2018-02-06,SINE,-0.013938412895875728,-1.2600735106700507
2018-02-07,SINE,-0.01545084971874673,-1.3968022466673626
2018-02-08,SINE,-0.015450849718748183,-1.396802246667494
2018-02-09,SINE,-0.013938412895875815,-1.2600735106700585
2018-02-12,SINE,-0.01106158710412354,-0.9999999999999843
2018-02-13,SINE,-0.007101976096011403,-0.6420395219203051
2018-02-14,SINE,-0.002447174185242089,-0.22123174208245322
2018-02-15,SINE,0.002447174185241728,0.22123174208242075
2018-02-16,SINE,0.007101976096009405,0.6420395219201247
2018-02-19,SINE,0.01106158710412495,1.0000000000001117
2018-02-20,SINE,0.013938412895875649,1.2600735106700436
2018-02-21,SINE,0.015450849718746704,1.3968022466673602
2018-02-22,SINE,0.015450849718746856,1.396802246667374
2018-02-23,SINE,0.013938412895878393,1.2600735106702916
2018-02-26,SINE,0.011061587104123343,0.9999999999999665
2018-02-27,SINE,0.007101976096010286,0.6420395219202043
2018-02-28,SINE,0.0024471741852426926,0.22123174208250793
2018-03-01,SINE,-0.002447174185242443,-0.2212317420824852
2018-03-02,SINE,-0.007101976096010043,-0.6420395219201822
2018-03-05,SINE,-0.01106158710412316,-0.9999999999999498
2018-03-06,SINE,-0.013938412895878279,-1.2600735106702812
2018-03-07,SINE,-0.015450849718746815,-1.3968022466673704
2018-03-08,SINE,-0.015450849718746744,-1.396802246667364
2018-03-09,SINE,-0.013938412895875768,-1.2600735106700542
2018-03-12,SINE,-0.011061587104123465,-0.9999999999999775
2018-03-13,SINE,-0.007101976096010432,-0.6420395219202173
2018-03-14,SINE,-0.002447174185242859,-0.22123174208252283
2018-03-15,SINE,0.0024471741852422763,0.2212317420824703
2018-03-16,SINE,0.007101976096009897,0.6420395219201692
2018-03-19,SINE,0.011061587104123038,0.9999999999999388
2018-03-20,SINE,0.013938412895875494,1.2600735106700296
2018-03-21,SINE,0.015450849718749493,1.3968022466676124
2018-03-22,SINE,0.01545084971874677,1.3968022466673662
2018-03-23,SINE,0.013938412895875845,1.2600735106700611
2018-03-26,SINE,0.011061587104125255,1.0000000000001392
2018-03-27,SINE,0.007101976096009786,0.6420395219201591
2018-03-28,SINE,0.0024471741852421514,0.22123174208245902
2018-03-29,SINE,-0.0024471741852421097,-0.22123174208245508
2018-03-30,SINE,-0.007101976096011417,-0.6420395219203064
2018-04-02,SINE,-0.011061587104123551,-0.9999999999999852
2018-04-03,SINE,-0.013938412895875819,-1.260073510670059
2018-04-04,SINE,-0.015450849718746763,-1.3968022466673655
2018-04-05,SINE,-0.015450849718746797,-1.3968022466673686
2018-04-06,SINE,-0.013938412895875923,-1.2600735106700682
2018-04-09,SINE,-0.011061587104123697,-0.9999999999999984
2018-04-10,SINE,-0.007101976096011611,-0.642039521920324
2018-04-11,SINE,-0.002447174185242318,-0.2212317420824739
2018-04-12,SINE,0.002447174185241943,0.2212317420824402
2018-04-13,SINE,0.007101976096009599,0.6420395219201422
2018-04-16,SINE,0.011061587104125095,1.0000000000001248
2018-04-17,SINE,0.013938412895875748,1.2600735106700525
2018-04-18,SINE,0.015450849718746737,1.3968022466673633
2018-04-19,SINE,0.015450849718746822,1.3968022466673709
2018-04-20,SINE,0.013938412895878296,1.2600735106702827
2018-04-23,SINE,0.011061587104123197,0.9999999999999533
2018-04-24,SINE,0.007101976096010085,0.6420395219201861
2018-04-25,SINE,0.0024471741852424844,0.2212317420824891
2018-04-26,SINE,-0.002447174185242651,-0.221231742082504
2018-04-27,SINE,-0.007101976096010244,-0.6420395219202004
2018-04-30,SINE,-0.011061587104123305,-0.999999999999963
2018-05-01,SINE,-0.013938412895875671,-1.2600735106700456
2018-05-02,SINE,-0.01545084971874671,-1.3968022466673609
2018-05-03,SINE,-0.015450849718746848,-1.3968022466673733
2018-05-04,SINE,-0.013938412895876072,-1.2600735106700818
2018-05-07,SINE,-0.011061587104125609,-1.0000000000001712
2018-05-08,SINE,-0.007101976096010244,-0.6420395219202004
2018-05-09,SINE,-0.002447174185242651,-0.221231742082504
2018-05-10,SINE,0.0024471741852424844,0.2212317420824891
2018-05-11,SINE,0.007101976096010085,0.6420395219201861
2018-05-14,SINE,0.011061587104123197,0.9999999999999533
2018-05-15,SINE,0.013938412895875591,1.2600735106700383
2018-05-16,SINE,0.015450849718749528,1.3968022466676155
2018-05-17,SINE,0.015450849718746737,1.3968022466673633
2018-05-18,SINE,0.013938412895875746,1.2600735106700522
2018-05-21,SINE,0.01106158710412343,0.9999999999999742
2018-05-22,SINE,0.007101976096011264,0.6420395219202928
2018-05-23,SINE,0.002447174185241943,0.2212317420824402
2018-05-24,SINE,-0.002447174185242318,-0.2212317420824739
2018-05-25,SINE,-0.007101976096009939,-0.6420395219201728
2018-05-28,SINE,-0.011061587104123072,-0.9999999999999419
2018-05-29,SINE,-0.013938412895875515,-1.2600735106700314
2018-05-30,SINE,-0.015450849718746659,-1.3968022466673562
2018-05-31,SINE,-0.015450849718749606,-1.3968022466676226
2018-06-01,SINE,-0.013938412895875819,-1.260073510670059
2018-06-04,SINE,-0.011061587104123551,-0.9999999999999852
2018-06-05,SINE,-0.007101976096010543,-0.6420395219202274
2018-06-06,SINE,-0.002447174185242984,-0.22123174208253413
2018-06-07,SINE,0.0024471741852421514,0.22123174208245902
2018-06-08,SINE,0.007101976096009786,0.6420395219201591
2018-06-11,SINE,0.011061587104125255,1.0000000000001392
2018-06-12,SINE,0.013938412895875845,1.2600735106700611
2018-06-13,SINE,0.01545084971874677,1.3968022466673662
2018-06-14,SINE,0.015450849718746789,1.396802246667368
2018-06-15,SINE,0.013938412895878199,1.260073510670274
2018-06-18,SINE,0.011061587104123038,0.9999999999999388
2018-06-19,SINE,0.007101976096009897,0.6420395219201692
2018-06-20,SINE,0.0024471741852422763,0.2212317420824703
2018-06-21,SINE,-0.002447174185241985,-0.2212317420824438
2018-06-22,SINE,-0.007101976096009641,-0.6420395219201458
2018-06-25,SINE,-0.011061587104122833,-0.9999999999999203
2018-06-26,SINE,-0.013938412895878065,-1.2600735106702619
2018-06-27,SINE,-0.015450849718746744,-1.396802246667364
2018-06-28,SINE,-0.015450849718746815,-1.3968022466673704
2018-06-29,SINE,-0.013938412895875975,-1.260073510670073
2018-07-02,SINE,-0.011061587104125463,-1.000000000000158
2018-07-03,SINE,-0.007101976096010043,-0.6420395219201822
2018-07-04,SINE,-0.002447174185242443,-0.2212317420824852
2018-07-05,SINE,0.0024471741852418183,0.2212317420824289
2018-07-06,SINE,0.00710197609601116,0.6420395219202834
2018-07-09,SINE,0.011061587104123343,0.9999999999999665
2018-07-10,SINE,0.013938412895875689,1.2600735106700471
2018-07-11,SINE,0.01545084971874956,1.3968022466676187
2018-07-12,SINE,0.015450849718746704,1.3968022466673602
2018-07-13,SINE,0.013938412895875649,1.2600735106700436
2018-07-16,SINE,0.011061587104123277,0.9999999999999605
2018-07-17,SINE,0.007101976096010196,0.6420395219201962
2018-07-18,SINE,0.0024471741852426093,0.2212317420825004
2018-07-19,SINE,-0.0024471741852416518,-0.2212317420824137
2018-07-20,SINE,-0.007101976096009335,-0.6420395219201183
2018-07-23,SINE,-0.011061587104124897,-1.000000000000107
2018-07-24,SINE,-0.013938412895875616,-1.2600735106700405
2018-07-25,SINE,-0.01545084971874669,-1.396802246667359
2018-07-26,SINE,-0.015450849718749571,-1.3968022466676195
2018-07-27,SINE,-0.013938412895875728,-1.2600735106700507
2018-07-30,SINE,-0.011061587104123392,-0.9999999999999708
2018-07-31,SINE,-0.007101976096010348,-0.6420395219202099
2018-08-01,SINE,-0.002447174185242776,-0.2212317420825153
2018-08-02,SINE,0.0024471741852423595,0.22123174208247784
2018-08-03,SINE,0.007101976096009988,0.6420395219201773
2018-08-06,SINE,0.011061587104123104,0.9999999999999448
2018-08-07,SINE,0.013938412895878239,1.2600735106702776
2018-08-08,SINE,0.015450849718746804,1.3968022466673693
2018-08-09,SINE,0.015450849718746754,1.3968022466673649
2018-08-10,SINE,0.013938412895875801,1.2600735106700574
2018-08-13,SINE,0.01106158710412352,0.9999999999999825
2018-08-14,SINE,0.007101976096010494,0.6420395219202232
2018-08-15,SINE,0.0024471741852429424,0.22123174208253052
2018-08-16,SINE,-0.002447174185242193,-0.22123174208246263
2018-08-17,SINE,-0.007101976096009835,-0.6420395219201633
2018-08-20,SINE,-0.011061587104122986,-0.9999999999999342
2018-08-21,SINE,-0.01393841289587546,-1.2600735106700265
2018-08-22,SINE,-0.015450849718749481,-1.3968022466676113
2018-08-23,SINE,-0.015450849718746783,-1.3968022466673675
2018-08-24,SINE,-0.013938412895875874,-1.2600735106700638
2018-08-27,SINE,-0.01106158710412531,-1.0000000000001443
2018-08-28,SINE,-0.007101976096009856,-0.6420395219201652
2018-08-29,SINE,-0.0024471741852422277,-0.22123174208246577
2018-08-30,SINE,0.0024471741852420265,0.22123174208244772
2018-08-31,SINE,0.0071019760960113545,0.6420395219203009
2018-09-03,SINE,0.011061587104123496,0.9999999999999802
2018-09-04,SINE,0.013938412895875786,1.2600735106700558
2018-09-05,SINE,0.015450849718746752,1.3968022466673646
2018-09-06,SINE,0.01545084971874681,1.3968022466673697
2018-09-07,SINE,0.013938412895875954,1.2600735106700711
2018-09-10,SINE,0.01106158710412376,1.000000000000004
2018-09-11,SINE,0.007101976096011674,0.6420395219203298
2018-09-12,SINE,0.0024471741852423942,0.22123174208248098
2018-09-13,SINE,-0.00244717418524186,-0.22123174208243251
2018-09-14,SINE,-0.0071019760960095366,-0.6420395219201364
2018-09-17,SINE,-0.011061587104125043,-1.0000000000001201
2018-09-18,SINE,-0.013938412895875713,-1.2600735106700494
2018-09-19,SINE,-0.015450849718746723,-1.396802246667362
2018-09-20,SINE,-0.015450849718749538,-1.3968022466676164
2018-09-21,SINE,-0.013938412895875624,-1.2600735106700414
2018-09-24,SINE,-0.011061587104123253,-0.9999999999999583
2018-09-25,SINE,-0.007101976096010154,-0.6420395219201922
2018-09-26,SINE,-0.0024471741852425608,-0.22123174208249585
2018-09-27,SINE,0.0024471741852425746,0.22123174208249727
2018-09-28,SINE,0.007101976096010168,0.6420395219201936
2018-10-01,SINE,0.011061587104123263,0.9999999999999593
2018-10-02,SINE,0.013938412895875633,1.260073510670042
2018-10-03,SINE,0.015450849718746698,1.3968022466673597
2018-10-04,SINE,0.01545084971874686,1.3968022466673744
2018-10-05,SINE,0.013938412895878407,1.260073510670293
2018-10-08,SINE,0.011061587104123367,0.9999999999999686
2018-10-09,SINE,0.007101976096010307,0.6420395219202062
2018-10-10,SINE,0.0024471741852427273,0.22123174208251106
2018-10-11,SINE,-0.002447174185242408,-0.22123174208248206
2018-10-12,SINE,-0.007101976096010022,-0.6420395219201803
2018-10-15,SINE,-0.011061587104123138,-0.9999999999999479
2018-10-16,SINE,-0.013938412895875557,-1.2600735106700351
2018-10-17,SINE,-0.015450849718749514,-1.3968022466676142
2018-10-18,SINE,-0.01545084971874675,-1.3968022466673644
2018-10-19,SINE,-0.013938412895875777,-1.2600735106700551
2018-10-22,SINE,-0.011061587104125158,-1.0000000000001306
2018-10-23,SINE,-0.0071019760960096615,-0.6420395219201477
2018-10-24,SINE,-0.0024471741852420195,-0.22123174208244695
2018-10-25,SINE,0.0024471741852422416,0.22123174208246715
2018-10-26,SINE,0.00710197609600987,0.6420395219201667
2018-10-29,SINE,0.011061587104123024,0.9999999999999376
2018-10-30,SINE,0.013938412895875479,1.260073510670028
2018-10-31,SINE,0.015450849718746645,1.3968022466673549
2018-11-01,SINE,0.015450849718749618,1.3968022466676238
2018-11-02,SINE,0.013938412895875857,1.2600735106700622
2018-11-05,SINE,0.0110615871041236,0.9999999999999897
2018-11-06,SINE,0.007101976096011486,0.6420395219203129
2018-11-07,SINE,0.002447174185242186,0.22123174208246216
2018-11-08,SINE,-0.002447174185242075,-0.22123174208245194
2018-11-09,SINE,-0.007101976096009717,-0.6420395219201527
2018-11-12,SINE,-0.011061587104125203,-1.0000000000001346
2018-11-13,SINE,-0.01393841289587581,-1.260073510670058
2018-11-14,SINE,-0.015450849718746757,-1.396802246667365
2018-11-15,SINE,-0.0154508497187468,-1.396802246667369
2018-11-16,SINE,-0.01393841289587823,-1.260073510670277
2018-11-19,SINE,-0.011061587104123093,-0.9999999999999438
2018-11-20,SINE,-0.007101976096009967,-0.6420395219201753
2018-11-21,SINE,-0.0024471741852423526,-0.22123174208247703
2018-11-22,SINE,0.0024471741852419085,0.22123174208243707
2018-11-23,SINE,0.007101976096009571,0.6420395219201397
2018-11-26,SINE,0.011061587104122778,0.9999999999999153
2018-11-27,SINE,0.013938412895878034,1.2600735106702592
2018-11-28,SINE,0.015450849718746731,1.3968022466673629
2018-11-29,SINE,0.015450849718746827,1.3968022466673713
2018-11-30,SINE,0.013938412895876013,1.2600735106700764
2018-12-03,SINE,0.011061587104125511,1.0000000000001625
2018-12-04,SINE,0.0071019760960101125,0.6420395219201886
2018-12-05,SINE,0.002447174185242519,0.22123174208249224
2018-12-06,SINE,-0.002447174185242623,-0.22123174208250151
2018-12-07,SINE,-0.00710197609601021,-0.6420395219201973
2018-12-10,SINE,-0.011061587104123291,-0.9999999999999617
2018-12-11,SINE,-0.013938412895875654,-1.260073510670044
2018-12-12,SINE,-0.015450849718749549,-1.3968022466676175
2018-12-13,SINE,-0.015450849718746716,-1.3968022466673613
2018-12-14,SINE,-0.013938412895875687,-1.260073510670047
2018-12-17,SINE,-0.011061587104123326,-0.9999999999999649
2018-12-18,SINE,-0.007101976096010265,-0.6420395219202023
2018-12-19,SINE,-0.0024471741852426857,-0.22123174208250715
2018-12-20,SINE,0.0024471741852415754,0.22123174208240695
2018-12-21,SINE,0.007101976096010938,0.6420395219202633
2018-12-24,SINE,0.011061587104123177,0.9999999999999514
2018-12-25,SINE,0.013938412895875576,1.260073510670037
2018-12-26,SINE,0.01545084971874668,1.396802246667358
2018-12-27,SINE,0.015450849718749583,1.3968022466676207
2018-12-28,SINE,0.01393841289587576,1.2600735106700536
2018-12-31,SINE,0.011061587104123454,0.9999999999999765
2019-01-01,SINE,0.007101976096010411,0.6420395219202156
2019-01-02,SINE,0.002447174185242852,0.22123174208252236
2019-01-03,SINE,-0.00244717418524229,-0.2212317420824714
2019-01-04,SINE,-0.007101976096009911,-0.6420395219201703
2019-01-07,SINE,-0.011061587104125348,-1.0000000000001477
2019-01-08,SINE,-0.013938412895875907,-1.260073510670067
2019-01-09,SINE,-0.01545084971874679,-1.3968022466673682
2019-01-10,SINE,-0.015450849718746768,-1.396802246667366
2019-01-11,SINE,-0.013938412895875836,-1.2600735106700605
2019-01-14,SINE,-0.011061587104123572,-0.9999999999999871
2019-01-15,SINE,-0.0071019760960105635,-0.6420395219202293
2019-01-16,SINE,-0.0024471741852430187,-0.22123174208253726
2019-01-17,SINE,0.0024471741852421236,0.2212317420824565
2019-01-18,SINE,0.007101976096009759,0.6420395219201567
2019-01-21,SINE,0.01106158710412293,0.9999999999999292
2019-01-22,SINE,0.013938412895878131,1.2600735106702678
2019-01-23,SINE,0.015450849718746766,1.396802246667366
2019-01-24,SINE,0.015450849718746796,1.3968022466673686
2019-01-25,SINE,0.013938412895875912,1.2600735106700673
2019-01-28,SINE,0.011061587104125359,1.0000000000001488
2019-01-29,SINE,0.007101976096009925,0.6420395219201717
2019-01-30,SINE,0.002447174185242304,0.22123174208247282
2019-01-31,SINE,-0.002447174185241957,-0.22123174208244129
2019-02-01,SINE,-0.007101976096011278,-0.6420395219202939
2019-02-04,SINE,-0.011061587104123444,-0.9999999999999756
2019-02-05,SINE,-0.013938412895875751,-1.2600735106700527
2019-02-06,SINE,-0.01545084971874674,-1.3968022466673635
2019-02-07,SINE,-0.015450849718746822,-1.3968022466673709
2019-02-08,SINE,-0.013938412895875989,-1.2600735106700742
2019-02-11,SINE,-0.011061587104123811,-1.0000000000000089
2019-02-12,SINE,-0.007101976096011743,-0.6420395219203359
2019-02-13,SINE,-0.0024471741852424705,-0.22123174208248772
2019-02-14,SINE,0.0024471741852417905,0.22123174208242638
2019-02-15,SINE,0.00710197609600946,0.6420395219201297
2019-02-18,SINE,0.011061587104124995,1.0000000000001157
2019-02-19,SINE,0.013938412895875673,1.2600735106700456
2019-02-20,SINE,0.015450849718746712,1.396802246667361
2019-02-21,SINE,0.01545084971874955,1.3968022466676175
2019-02-22,SINE,0.013938412895875663,1.2600735106700447
2019-02-25,SINE,0.011061587104123301,0.9999999999999627
2019-02-26,SINE,0.0071019760960102235,0.6420395219201986
2019-02-27,SINE,0.002447174185242637,0.22123174208250293
2019-02-28,SINE,-0.0024471741852424983,-0.22123174208249022
2019-03-01,SINE,-0.0071019760960101055,-0.6420395219201879
2019-03-04,SINE,-0.0110615871041232,-0.9999999999999536
2019-03-05,SINE,-0.0139384128958756,-1.2600735106700391
2019-03-06,SINE,-0.015450849718746686,-1.3968022466673586
2019-03-07,SINE,-0.015450849718746874,-1.3968022466673757
2019-03-08,SINE,-0.013938412895878442,-1.260073510670296
2019-03-11,SINE,-0.01106158710412342,-0.9999999999999734
2019-03-12,SINE,-0.007101976096010376,-0.6420395219202123
2019-03-13,SINE,-0.0024471741852428036,-0.2212317420825178
2019-03-14,SINE,0.0024471741852423318,0.2212317420824753
2019-03-15,SINE,0.00710197609600996,0.6420395219201749
2019-03-18,SINE,0.011061587104123076,0.9999999999999423
2019-03-19,SINE,0.013938412895878228,1.2600735106702767
2019-03-20,SINE,0.015450849718746799,1.3968022466673689
2019-03-21,SINE,0.015450849718746763,1.3968022466673655
2019-03-22,SINE,0.013938412895875815,1.2600735106700585
2019-03-25,SINE,0.011061587104125213,1.0000000000001354
2019-03-26,SINE,0.007101976096009731,0.6420395219201541
2019-03-27,SINE,0.002447174185242089,0.22123174208245336
2019-03-28,SINE,-0.0024471741852421652,-0.2212317420824601
2019-03-29,SINE,-0.007101976096009807,-0.6420395219201609
2019-04-01,SINE,-0.011061587104122961,-0.9999999999999319
2019-04-02,SINE,-0.013938412895875447,-1.2600735106700254
2019-04-03,SINE,-0.015450849718749474,-1.3968022466676107
2019-04-04,SINE,-0.015450849718746789,-1.396802246667368
2019-04-05,SINE,-0.013938412895875892,-1.2600735106700653
2019-04-08,SINE,-0.011061587104123652,-0.9999999999999943
2019-04-09,SINE,-0.007101976096011563,-0.6420395219203195
2019-04-10,SINE,-0.0024471741852422554,-0.22123174208246826
2019-04-11,SINE,0.0024471741852419987,0.2212317420824452
2019-04-12,SINE,0.0071019760960096545,0.6420395219201472
2019-04-15,SINE,0.011061587104125147,1.0000000000001295
2019-04-16,SINE,0.01393841289587577,1.2600735106700545
2019-04-17,SINE,0.015450849718746747,1.3968022466673642
2019-04-18,SINE,0.015450849718749516,1.3968022466676144
2019-04-19,SINE,0.013938412895875565,1.260073510670036
2019-04-22,SINE,0.011061587104123149,0.9999999999999489
2019-04-23,SINE,0.007101976096010036,0.6420395219201818
2019-04-24,SINE,0.002447174185242422,0.22123174208248347
2019-04-25,SINE,-0.002447174185241832,-0.22123174208243
2019-04-26,SINE,-0.007101976096009502,-0.6420395219201332
2019-04-29,SINE,-0.011061587104122729,-0.999999999999911
2019-04-30,SINE,-0.013938412895877994,-1.2600735106702554
2019-05-01,SINE,-0.015450849718746721,-1.3968022466673617
2019-05-02,SINE,-0.01545084971874684,-1.3968022466673726
2019-05-03,SINE,-0.013938412895878343,-1.260073510670287
2019-05-06,SINE,-0.011061587104123267,-0.9999999999999596
2019-05-07,SINE,-0.007101976096010189,-0.6420395219201954
2019-05-08,SINE,-0.0024471741852425885,-0.22123174208249838
2019-05-09,SINE,0.002447174185242547,0.22123174208249477
2019-05-10,SINE,0.00710197609601014,0.6420395219201911
2019-05-13,SINE,0.011061587104123236,0.9999999999999567
2019-05-14,SINE,0.013938412895875621,1.260073510670041
2019-05-15,SINE,0.015450849718749538,1.3968022466676164
2019-05-16,SINE,0.015450849718746728,1.3968022466673624
2019-05-17,SINE,0.013938412895875718,1.2600735106700498
2019-05-20,SINE,0.011061587104123381,0.9999999999999699
2019-05-21,SINE,0.0071019760960103415,0.6420395219202093
2019-05-22,SINE,0.002447174185242755,0.2212317420825136
2019-05-23,SINE,-0.002447174185241499,-0.22123174208239987
2019-05-24,SINE,-0.007101976096010876,-0.6420395219202575
2019-05-27,SINE,-0.011061587104123114,-0.9999999999999457
2019-05-28,SINE,-0.013938412895875545,-1.260073510670034
2019-05-29,SINE,-0.015450849718746665,-1.3968022466673569
2019-05-30,SINE,-0.015450849718749597,-1.3968022466676218
2019-05-31,SINE,-0.013938412895875794,-1.2600735106700567
2019-06-03,SINE,-0.011061587104123506,-0.9999999999999811
2019-06-04,SINE,-0.0071019760960113615,-0.6420395219203013
2019-06-05,SINE,-0.0024471741852420473,-0.22123174208244945
2019-06-06,SINE,0.002447174185242214,0.22123174208246466
2019-06-07,SINE,0.007101976096009842,0.6420395219201641
2019-06-10,SINE,0.0110615871041253,1.0000000000001434
2019-06-11,SINE,0.013938412895875867,1.2600735106700633
2019-06-12,SINE,0.01545084971874678,1.396802246667367
2019-06-13,SINE,0.01545084971874678,1.396802246667367
2019-06-14,SINE,0.013938412895875874,1.2600735106700638
2019-06-17,SINE,0.01106158710412362,0.9999999999999916
2019-06-18,SINE,0.00710197609601064,0.6420395219202363
2019-06-19,SINE,0.002447174185243088,0.2212317420825437
2019-06-20,SINE,-0.0024471741852420473,-0.22123174208244945
2019-06-21,SINE,-0.007101976096009689,-0.6420395219201502
2019-06-24,SINE,-0.011061587104122882,-0.9999999999999247
2019-06-25,SINE,-0.013938412895878091,-1.2600735106702643
2019-06-26,SINE,-0.015450849718746754,-1.3968022466673649
2019-06-27,SINE,-0.015450849718746808,-1.3968022466673697
2019-06-28,SINE,-0.013938412895875945,-1.2600735106700702
2019-07-01,SINE,-0.011061587104125414,-1.0000000000001537
2019-07-02,SINE,-0.0071019760960099945,-0.6420395219201778
2019-07-03,SINE,-0.0024471741852423803,-0.22123174208247956
2019-07-04,SINE,0.002447174185242755,0.2212317420825136
2019-07-05,SINE,0.0071019760960103415,0.6420395219202093
2019-07-08,SINE,0.011061587104123381,0.9999999999999699
2019-07-09,SINE,0.013938412895875718,1.2600735106700498
2019-07-10,SINE,0.01545084971874673,1.3968022466673626
2019-07-11,SINE,0.015450849718746832,1.396802246667372
2019-07-12,SINE,0.013938412895876022,1.2600735106700771
2019-07-15,SINE,0.011061587104123867,1.0000000000000138
2019-07-16,SINE,0.0071019760960118125,0.6420395219203423
2019-07-17,SINE,0.002447174185242547,0.22123174208249477
2019-07-18,SINE,-0.002447174185241714,-0.22123174208241933
2019-07-19,SINE,-0.007101976096011063,-0.6420395219202744
2019-07-22,SINE,-0.011061587104123267,-0.9999999999999596
2019-07-23,SINE,-0.013938412895875642,-1.260073510670043
2019-07-24,SINE,-0.0154508497187467,-1.39680224666736
2019-07-25,SINE,-0.015450849718749562,-1.3968022466676187
2019-07-26,SINE,-0.013938412895875697,-1.2600735106700478
2019-07-29,SINE,-0.011061587104123353,-0.9999999999999674
2019-07-30,SINE,-0.007101976096010293,-0.6420395219202047
2019-07-31,SINE,-0.0024471741852427134,-0.22123174208250967
2019-08-01,SINE,0.002447174185242422,0.22123174208248347
2019-08-02,SINE,0.007101976096010036,0.6420395219201818
2019-08-05,SINE,0.011061587104123149,0.9999999999999489
2019-08-06,SINE,0.013938412895875565,1.260073510670036
2019-08-07,SINE,0.015450849718746674,1.3968022466673575
2019-08-08,SINE,0.015450849718746888,1.3968022466673768
2019-08-09,SINE,0.013938412895878478,1.2600735106702994
2019-08-12,SINE,0.011061587104123475,0.9999999999999784
2019-08-13,SINE,0.007101976096010439,0.6420395219202181
2019-08-14,SINE,0.00244717418524288,0.22123174208252488
2019-08-15,SINE,-0.0024471741852422554,-0.22123174208246826
2019-08-16,SINE,-0.0071019760960098904,-0.6420395219201684
2019-08-19,SINE,-0.011061587104123027,-0.9999999999999379
2019-08-20,SINE,-0.013938412895878188,-1.2600735106702732
2019-08-21,SINE,-0.015450849718746789,-1.396802246667368
2019-08-22,SINE,-0.015450849718746773,-1.3968022466673666
2019-08-23,SINE,-0.013938412895875848,-1.2600735106700616
2019-08-26,SINE,-0.011061587104125262,-1.0000000000001399
2019-08-27,SINE,-0.007101976096009807,-0.6420395219201609
2019-08-28,SINE,-0.0024471741852421652,-0.2212317420824601
2019-08-29,SINE,0.002447174185242089,0.22123174208245336
2019-08-30,SINE,0.007101976096009731,0.6420395219201541
2019-09-02,SINE,0.011061587104122916,0.9999999999999278
2019-09-03,SINE,0.013938412895875413,1.2600735106700223
2019-09-04,SINE,0.015450849718749462,1.3968022466676095
2019-09-05,SINE,0.015450849718746799,1.3968022466673689
2019-09-06,SINE,0.013938412895875931,1.2600735106700691
2019-09-09,SINE,0.011061587104123707,0.9999999999999993
2019-09-10,SINE,0.007101976096011625,0.6420395219203254
2019-09-11,SINE,0.0024471741852423318,0.2212317420824753
2019-09-12,SINE,-0.0024471741852419224,-0.22123174208243815
2019-09-13,SINE,-0.007101976096011257,-0.642039521920292
2019-09-16,SINE,-0.01106158710412342,-0.9999999999999734
2019-09-17,SINE,-0.013938412895875739,-1.2600735106700516
2019-09-18,SINE,-0.015450849718746733,-1.3968022466673629
2019-09-19,SINE,-0.01545084971874953,-1.3968022466676158
2019-09-20,SINE,-0.0139384128958756,-1.2600735106700391
2019-09-23,SINE,-0.0110615871041232,-0.9999999999999536
2019-09-24,SINE,-0.0071019760960101055,-0.6420395219201879
2019-09-25,SINE,-0.0024471741852424983,-0.22123174208249022
2019-09-26,SINE,0.002447174185241756,0.22123174208242324
2019-09-27,SINE,0.0071019760960094325,0.6420395219201271
2019-09-30,SINE,0.011061587104124974,1.000000000000114
2019-10-01,SINE,0.013938412895875663,1.2600735106700447
2019-10-02,SINE,0.015450849718746709,1.3968022466673606
2019-10-03,SINE,0.015450849718746853,1.3968022466673737
2019-10-04,SINE,0.013938412895878381,1.2600735106702905
2019-10-07,SINE,0.011061587104123315,0.9999999999999639
2019-10-08,SINE,0.007101976096010258,0.6420395219202018
2019-10-09,SINE,0.002447174185242665,0.22123174208250543
2019-10-10,SINE,-0.0024471741852424705,-0.22123174208248772
2019-10-11,SINE,-0.007101976096010071,-0.6420395219201848
2019-10-14,SINE,-0.011061587104123187,-0.9999999999999524
2019-10-15,SINE,-0.013938412895878285,-1.2600735106702818
2019-10-16,SINE,-0.015450849718746822,-1.3968022466673709
2019-10-17,SINE,-0.01545084971874674,-1.3968022466673635
2019-10-18,SINE,-0.013938412895875751,-1.2600735106700527
2019-10-21,SINE,-0.011061587104123444,-0.9999999999999756
2019-10-22,SINE,-0.007101976096010404,-0.6420395219202149
2019-10-23,SINE,-0.0024471741852428314,-0.22123174208252033
2019-10-24,SINE,0.0024471741852414228,0.22123174208239316
2019-10-25,SINE,0.007101976096010806,0.6420395219202514
2019-10-28,SINE,0.011061587104123062,0.999999999999941
2019-10-29,SINE,0.01393841289587551,1.260073510670031
2019-10-30,SINE,0.015450849718749497,1.3968022466676127
2019-10-31,SINE,0.015450849718746764,1.3968022466673657
2019-11-01,SINE,0.013938412895875827,1.2600735106700596
2019-11-04,SINE,0.011061587104123562,0.9999999999999862
2019-11-05,SINE,0.007101976096011431,0.6420395219203078
2019-11-06,SINE,0.0024471741852421236,0.2212317420824565
2019-11-07,SINE,-0.0024471741852421375,-0.2212317420824576
2019-11-08,SINE,-0.0071019760960097725,-0.6420395219201578
2019-11-11,SINE,-0.011061587104125244,-1.0000000000001383
2019-11-12,SINE,-0.013938412895875836,-1.2600735106700605
2019-11-13,SINE,-0.015450849718746768,-1.396802246667366
2019-11-14,SINE,-0.01545084971874679,-1.3968022466673682
2019-11-15,SINE,-0.013938412895875907,-1.260073510670067
2019-11-18,SINE,-0.011061587104123676,-0.9999999999999966
2019-11-19,SINE,-0.007101976096010709,-0.6420395219202424
2019-11-20,SINE,-0.0024471741852431644,-0.22123174208255045
2019-11-21,SINE,0.002447174185241971,0.2212317420824427
2019-11-22,SINE,0.007101976096009627,0.6420395219201447
2019-11-25,SINE,0.01106158710412282,0.9999999999999191
2019-11-26,SINE,0.01393841289587806,1.2600735106702614
2019-11-27,SINE,0.015450849718746742,1.3968022466673637
2019-11-28,SINE,0.01545084971874682,1.3968022466673709
2019-11-29,SINE,0.013938412895878277,1.2600735106702812
2019-12-02,SINE,0.011061587104123177,0.9999999999999514
2019-12-03,SINE,0.007101976096010057,0.6420395219201837
2019-12-04,SINE,0.0024471741852424567,0.2212317420824866
2019-12-05,SINE,-0.0024471741852426857,-0.22123174208250715
2019-12-06,SINE,-0.007101976096010265,-0.6420395219202023
2019-12-09,SINE,-0.011061587104123333,-0.9999999999999655
2019-12-10,SINE,-0.01393841289587568,-1.2600735106700462
2019-12-11,SINE,-0.015450849718746716,-1.3968022466673613
2019-12-12,SINE,-0.015450849718746846,-1.396802246667373
2019-12-13,SINE,-0.01393841289587606,-1.2600735106700807
2019-12-16,SINE,-0.011061587104125588,-1.0000000000001694
2019-12-17,SINE,-0.00710197609601021,-0.6420395219201973
2019-12-18,SINE,-0.002447174185242623,-0.22123174208250151
2019-12-19,SINE,0.002447174185241638,0.22123174208241259
2019-12-20,SINE,0.007101976096010994,0.6420395219202683
2019-12-23,SINE,0.011061587104123215,0.9999999999999548
2019-12-24,SINE,0.013938412895875607,1.2600735106700398
2019-12-25,SINE,0.015450849718746688,1.3968022466673589
2019-12-26,SINE,0.015450849718749573,1.3968022466676195
2019-12-27,SINE,0.01393841289587573,1.260073510670051
2019-12-30,SINE,0.011061587104123409,0.9999999999999724
2019-12-31,SINE,0.007101976096010362,0.6420395219202112
2020-01-01,SINE,0.0024471741852427897,0.22123174208251672
2020-01-02,SINE,-0.0024471741852423526,-0.22123174208247703
2020-01-03,SINE,-0.007101976096009967,-0.6420395219201753
2020-01-06,SINE,-0.011061587104123093,-0.9999999999999438
2020-01-07,SINE,-0.013938412895875527,-1.2600735106700325
2020-01-08,SINE,-0.015450849718746662,-1.3968022466673564
2020-01-09,SINE,-0.015450849718749599,-1.396802246667622
2020-01-10,SINE,-0.013938412895873513,-1.2600735106698504
2020-01-13,SINE,-0.011061587104125827,-1.000000000000191
2020-01-14,SINE,-0.007101976096011389,-0.6420395219203039
2020-01-15,SINE,-0.002447174185242075,-0.22123174208245194
2020-01-16,SINE,0.002447174185242186,0.22123174208246216
2020-01-17,SINE,0.007101976096011486,0.6420395219203129
2020-01-20,SINE,0.0110615871041213,0.9999999999997817
2020-01-21,SINE,0.013938412895878157,1.2600735106702703
2020-01-22,SINE,0.015450849718743933,1.3968022466671097
2020-01-23,SINE,0.015450849718749628,1.3968022466676246
2020-01-24,SINE,0.013938412895878187,1.260073510670273
2020-01-27,SINE,0.011061587104121345,0.9999999999997857
2020-01-28,SINE,0.007101976096011542,0.6420395219203179
2020-01-29,SINE,0.0024471741852422416,0.22123174208246715
2020-01-30,SINE,-0.0024471741852420195,-0.22123174208244695
2020-01-31,SINE,-0.0071019760960096615,-0.6420395219201477
2020-02-03,SINE,-0.011061587104125158,-1.0000000000001306
2020-02-04,SINE,-0.013938412895873076,-1.2600735106698109
2020-02-05,SINE,-0.015450849718749451,-1.3968022466676087
2020-02-06,SINE,-0.015450849718744107,-1.3968022466671255
2020-02-07,SINE,-0.013938412895878667,-1.2600735106703165
2020-02-10,SINE,-0.011061587104125435,-1.0000000000001557
2020-02-11,SINE,-0.007101976096009141,-0.6420395219201006
2020-02-12,SINE,-0.0024471741852432893,-0.22123174208256172
2020-02-13,SINE,0.0024471741852427273,0.22123174208251106
2020-02-14,SINE,0.0071019760960086414,0.6420395219200556
2020-02-17,SINE,0.011061587104125033,1.0000000000001192
2020-02-18,SINE,0.013938412895878407,1.260073510670293
2020-02-19,SINE,0.015450849718744018,1.3968022466671175
2020-02-20,SINE,0.01545084971874954,1.3968022466676167
2020-02-21,SINE,0.013938412895873336,1.2600735106698344
2020-02-24,SINE,0.01106158710412556,1.0000000000001668
2020-02-25,SINE,0.007101976096010168,0.6420395219201936
2020-02-26,SINE,0.0024471741852425746,0.22123174208249727
2020-02-27,SINE,-0.0024471741852416865,-0.22123174208241683
2020-02-28,SINE,-0.007101976096011028,-0.6420395219202713
2020-03-02,SINE,-0.01106158710412095,-0.99999999999975
2020-03-03,SINE,-0.013938412895877928,-1.2600735106702496
2020-03-04,SINE,-0.015450849718749538,-1.3968022466676164
2020-03-05,SINE,-0.015450849718744022,-1.3968022466671177
2020-03-06,SINE,-0.013938412895878414,-1.2600735106702934
2020-03-09,SINE,-0.011061587104121706,-0.9999999999998184
2020-03-10,SINE,-0.007101976096011993,-0.6420395219203585
2020-03-11,SINE,-0.002447174185242741,-0.22123174208251217
2020-03-12,SINE,0.00244717418524152,0.22123174208240193
2020-03-13,SINE,0.007101976096010883,0.6420395219202583
2020-03-16,SINE,0.011061587104125425,1.0000000000001545
2020-03-17,SINE,0.013938412895873251,1.2600735106698269
2020-03-18,SINE,0.015450849718749512,1.3968022466676142
2020-03-19,SINE,0.015450849718746752,1.3968022466673646
2020-03-20,SINE,0.013938412895875786,1.2600735106700558
2020-03-23,SINE,0.011061587104123496,0.9999999999999802
2020-03-24,SINE,0.007101976096010473,0.6420395219202213
2020-03-25,SINE,0.0024471741852429077,0.22123174208252738
2020-03-26,SINE,-0.0024471741852422277,-0.22123174208246577
2020-03-27,SINE,-0.0071019760960081835,-0.6420395219200141
2020-03-30,SINE,-0.011061587104124679,-1.0000000000000873
2020-03-31,SINE,-0.013938412895878181,-1.2600735106702725
2020-04-01,SINE,-0.015450849718743939,-1.3968022466671102
2020-04-02,SINE,-0.01545084971874962,-1.396802246667624
2020-04-03,SINE,-0.013938412895878162,-1.2600735106702707
2020-04-06,SINE,-0.011061587104121313,-0.999999999999783
2020-04-07,SINE,-0.007101976096011507,-0.6420395219203145
2020-04-08,SINE,-0.002447174185242193,-0.22123174208246263
2020-04-09,SINE,0.002447174185242061,0.22123174208245086
2020-04-10,SINE,0.007101976096011375,0.6420395219203028
2020-04-13,SINE,0.01106158710412122,0.9999999999997745
2020-04-14,SINE,0.013938412895878102,1.2600735106702652
2020-04-15,SINE,0.015450849718746756,1.3968022466673649
2020-04-16,SINE,0.015450849718746803,1.3968022466673693
2020-04-17,SINE,0.013938412895875942,1.26007351067007
2020-04-20,SINE,0.0110615871041254,1.0000000000001523
2020-04-21,SINE,0.007101976096009106,0.6420395219200977
2020-04-22,SINE,0.0024471741852432408,0.2212317420825575
2020-04-23,SINE,-0.0024471741852410134,-0.22123174208235596
2020-04-24,SINE,-0.007101976096010439,-0.642039521920218
2020-04-27,SINE,-0.011061587104125071,-1.0000000000001226
2020-04-28,SINE,-0.013938412895873017,-1.2600735106698056
2020-04-29,SINE,-0.015450849718749434,-1.396802246667607
2020-04-30,SINE,-0.015450849718749535,-1.3968022466676162
2020-05-01,SINE,-0.013938412895873315,-1.2600735106698326
2020-05-04,SINE,-0.011061587104125522,-1.0000000000001634
2020-05-05,SINE,-0.007101976096011008,-0.6420395219202694
2020-05-06,SINE,-0.0024471741852416518,-0.2212317420824137
2020-05-07,SINE,0.0024471741852426093,0.2212317420825004
2020-05-08,SINE,0.0071019760960085235,0.642039521920045
2020-05-11,SINE,0.01106158710412495,1.0000000000001117
2020-05-12,SINE,0.01393841289587565,1.2600735106700436
2020-05-13,SINE,0.015450849718746702,1.3968022466673602
2020-05-14,SINE,0.015450849718746856,1.396802246667374
2020-05-15,SINE,0.013938412895878393,1.2600735106702916
2020-05-18,SINE,0.01106158710412167,0.9999999999998153
2020-05-19,SINE,0.007101976096011958,0.6420395219203555
2020-05-20,SINE,0.0024471741852426926,0.22123174208250793
2020-05-21,SINE,-0.0024471741852415616,-0.22123174208240554
2020-05-22,SINE,-0.007101976096010924,-0.6420395219202618
2020-05-25,SINE,-0.011061587104120862,-0.9999999999997422
2020-05-26,SINE,-0.013938412895877871,-1.2600735106702443
2020-05-27,SINE,-0.015450849718749519,-1.3968022466676149
2020-05-28,SINE,-0.015450849718744039,-1.3968022466671193
2020-05-29,SINE,-0.013938412895878473,-1.2600735106702987
2020-06-01,SINE,-0.01106158710412513,-1.000000000000128
2020-06-02,SINE,-0.007101976096008766,-0.6420395219200667
2020-06-03,SINE,-0.002447174185242859,-0.22123174208252283
2020-06-04,SINE,0.0024471741852422763,0.2212317420824703
2020-06-05,SINE,0.007101976096009897,0.6420395219201692
2020-06-08,SINE,0.011061587104123038,0.9999999999999388
2020-06-09,SINE,0.013938412895878199,1.260073510670274
2020-06-10,SINE,0.015450849718743947,1.396802246667111
2020-06-11,SINE,0.015450849718749613,1.3968022466676233
2020-06-12,SINE,0.013938412895873543,1.260073510669853
2020-06-15,SINE,0.011061587104125883,1.000000000000196
2020-06-16,SINE,0.007101976096011459,0.6420395219203103
2020-06-17,SINE,0.0024471741852421514,0.22123174208245902
2020-06-18,SINE,-0.0024471741852421097,-0.22123174208245508
2020-06-19,SINE,-0.007101976096011417,-0.6420395219203064
2020-06-22,SINE,-0.011061587104121248,-0.999999999999777
2020-06-23,SINE,-0.013938412895878122,-1.2600735106702672
2020-06-24,SINE,-0.015450849718749606,-1.3968022466676226
2020-06-25,SINE,-0.015450849718743954,-1.3968022466671117
2020-06-26,SINE,-0.01393841289587822,-1.2600735106702758
2020-06-29,SINE,-0.0110615871041214,-0.9999999999997908
2020-06-30,SINE,-0.007101976096011611,-0.642039521920324
2020-07-01,SINE,-0.002447174185242318,-0.2212317420824739
2020-07-02,SINE,0.002447174185241943,0.2212317420824402
2020-07-03,SINE,0.007101976096009599,0.6420395219201422
2020-07-06,SINE,0.011061587104125095,1.0000000000001248
2020-07-07,SINE,0.013938412895873045,1.260073510669808
2020-07-08,SINE,0.01545084971874944,1.3968022466676075
2020-07-09,SINE,0.015450849718749526,1.3968022466676153
2020-07-10,SINE,0.013938412895873291,1.2600735106698304
2020-07-13,SINE,0.011061587104125498,1.0000000000001612
2020-07-14,SINE,0.00710197609600921,0.642039521920107
2020-07-15,SINE,0.0024471741852433587,0.22123174208256816
2020-07-16,SINE,-0.002447174185242651,-0.221231742082504
2020-07-17,SINE,-0.007101976096008565,-0.6420395219200485
2020-07-20,SINE,-0.011061587104124984,-1.0000000000001148
2020-07-21,SINE,-0.013938412895878376,-1.26007351067029
2020-07-22,SINE,-0.015450849718744006,-1.3968022466671164
2020-07-23,SINE,-0.015450849718749552,-1.3968022466676178
2020-07-24,SINE,-0.013938412895875671,-1.2600735106700456
2020-07-27,SINE,-0.011061587104123305,-0.999999999999963
2020-07-28,SINE,-0.007101976096010244,-0.6420395219202004
2020-07-29,SINE,-0.002447174185242651,-0.221231742082504
2020-07-30,SINE,0.00244717418524161,0.2212317420824101
2020-07-31,SINE,0.007101976096010959,0.6420395219202651
2020-08-03,SINE,0.0110615871041209,0.9999999999997456
2020-08-04,SINE,0.013938412895877888,1.2600735106702459
2020-08-05,SINE,0.015450849718749528,1.3968022466676155
2020-08-06,SINE,0.015450849718744034,1.3968022466671188
2020-08-07,SINE,0.013938412895878449,1.2600735106702967
2020-08-10,SINE,0.011061587104125095,1.0000000000001248
2020-08-11,SINE,0.007101976096008725,0.6420395219200632
2020-08-12,SINE,0.0024471741852428175,0.22123174208251922
2020-08-13,SINE,-0.0024471741852414436,-0.22123174208239488
2020-08-14,SINE,-0.007101976096010813,-0.6420395219202518
2020-08-17,SINE,-0.011061587104125376,-1.0000000000001503
2020-08-18,SINE,-0.013938412895873215,-1.2600735106698235
2020-08-19,SINE,-0.015450849718749498,-1.3968022466676129
2020-08-20,SINE,-0.015450849718746763,-1.3968022466673655
2020-08-21,SINE,-0.013938412895875819,-1.260073510670059
2020-08-24,SINE,-0.011061587104123551,-0.9999999999999852
2020-08-25,SINE,-0.007101976096011417,-0.6420395219203064
2020-08-26,SINE,-0.0024471741852421097,-0.22123174208245508
2020-08-27,SINE,0.0024471741852421514,0.22123174208245902
2020-08-28,SINE,0.007101976096008114,0.642039521920008
2020-08-31,SINE,0.01106158710412463,1.0000000000000828
2020-09-01,SINE,0.013938412895878141,1.260073510670269
2020-09-02,SINE,0.015450849718743928,1.3968022466671093
2020-09-03,SINE,0.01545084971874963,1.3968022466676249
2020-09-04,SINE,0.013938412895878199,1.260073510670274
2020-09-07,SINE,0.011061587104121366,0.9999999999997876
2020-09-08,SINE,0.00710197609601157,0.6420395219203203
2020-09-09,SINE,0.0024471741852422763,0.2212317420824703
2020-09-10,SINE,-0.002447174185241985,-0.2212317420824438
2020-09-11,SINE,-0.007101976096011306,-0.6420395219202963
2020-09-14,SINE,-0.011061587104121168,-0.9999999999997697
2020-09-15,SINE,-0.013938412895878065,-1.2600735106702619
2020-09-16,SINE,-0.015450849718746744,-1.396802246667364
2020-09-17,SINE,-0.015450849718746815,-1.3968022466673704
2020-09-18,SINE,-0.013938412895875975,-1.260073510670073
2020-09-21,SINE,-0.011061587104125463,-1.000000000000158
2020-09-22,SINE,-0.007101976096009169,-0.6420395219201032
2020-09-23,SINE,-0.002447174185243317,-0.22123174208256424
2020-09-24,SINE,0.0024471741852426926,0.22123174208250793
2020-09-25,SINE,0.007101976096008614,0.6420395219200531
2020-09-28,SINE,0.011061587104125015,1.0000000000001177
2020-09-29,SINE,0.013938412895872986,1.2600735106698027
2020-09-30,SINE,0.015450849718749422,1.396802246667606
