step,price,action,prob_short,prob_neutral,prob_long,position,cash,shares,portfolio_value,step_return
0,99.65825522822583,2,0.33222038,0.33222038,0.33555925,1,0.0,1002.9274521323503,99950.0,-0.0005
1,100.77189413447879,2,0.33222038,0.33222038,0.33555925,1,0.0,1002.9274521323503,101066.89903084374,0.011174577597235969
2,99.54810636126861,2,0.33222038,0.33222038,0.33555925,1,0.0,1002.9274521323503,99839.52867750733,-0.012144137844397817
3,99.52771211153964,2,0.33222038,0.33222038,0.33555925,1,0.0,1002.9274521323503,99819.07472458851,-0.00020486828403294257
4,101.12588873503753,2,0.33222038,0.33222038,0.33555925,1,0.0,1002.9274521323503,101421.92993365074,0.016057604355526976
5,101.06334489376347,2,0.33222038,0.33222038,0.33555925,1,0.0,1002.9274521323503,101359.20299827517,-0.0006184750715807175
6,99.57236257147258,2,0.33222038,0.33222038,0.33555925,1,0.0,1002.9274521323503,99863.85589660559,-0.014752948498371976
7,96.81021983186422,2,0.33222038,0.33222038,0.33555925,1,0.0,1002.9274521323503,97093.6271163443,-0.027740054250753658
8,97.3618383640072,2,0.33222038,0.33222038,0.33555925,1,0.0,1002.9274521323503,97646.86048533545,0.005697936985382409
9,94.6214620320043,2,0.33222038,0.33222038,0.33555925,1,0.0,1002.9274521323503,94898.46183279599,-0.028146308431003887
10,94.81998229252396,2,0.33222038,0.33222038,0.33555925,1,0.0,1002.9274521323503,95097.56325187562,0.00209804685170165
11,97.16648291923494,2,0.33222038,0.33222038,0.33555925,1,0.0,1002.9274521323503,97450.93314684983,0.024746900072939507
12,93.64084497924671,2,0.33222038,0.33222038,0.33555925,1,0.0,1002.9274521323503,93914.97407055629,-0.03628450710641392
13,94.17227951165789,2,0.33222038,0.33222038,0.33555925,1,0.0,1002.9274521323503,94447.96435212258,0.005675242812353539
14,94.62780272928845,2,0.33222038,0.33222038,0.33555925,1,0.0,1002.9274521323503,94904.82109216793,0.004837126381486479
15,97.45361802068221,2,0.33222038,0.33222038,0.33555925,1,0.0,1002.9274521323503,97738.90882256211,0.029862421084402277
16,93.97942493527346,2,0.33222038,0.33222038,0.33555925,1,0.0,1002.9274521323503,94254.54520319727,-0.03564970860980708
17,93.44616454762337,2,0.33222038,0.33222038,0.33555925,1,0.0,1002.9274521323503,93719.72372128826,-0.0056742248424839275
18,90.4524203703034,2,0.33222038,0.33222038,0.33555925,1,0.0,1002.9274521323503,90717.21550119268,-0.03203710063235671
19,90.67474314366464,2,0.33222038,0.33222038,0.33555925,1,0.0,1002.9274521323503,90940.18911383087,0.0024578974498534836
20,89.18194603192418,2,0.33222038,0.33222038,0.33555925,1,0.0,1002.9274521323503,89443.02191000248,-0.01646320750393828
21,89.06636939530223,2,0.33222038,0.33222038,0.33555925,1,0.0,1002.9274521323503,89327.10692830921,-0.0012959645058717982
22,91.19235650520687,2,0.33222038,0.33222038,0.33555925,1,0.0,1002.9274521323503,91459.31776371208,0.023869695423071435
23,90.83247490472635,2,0.33222038,0.33222038,0.33555925,1,0.0,1002.9274521323503,91098.38262707285,-0.003946400929555624
24,92.66453251853717,2,0.33222038,0.33222038,0.33555925,1,0.0,1002.9274521323503,92935.8035018518,0.020169632234863667
25,88.92132456170349,2,0.33222038,0.33222038,0.33555925,1,0.0,1002.9274521323503,89181.63748290305,-0.0403952607874525
26,88.40257695675527,2,0.33222038,0.33222038,0.33555925,1,0.0,1002.9274521323503,88661.37126917258,-0.005833781800992522
27,88.41549626579409,2,0.33222038,0.33222038,0.33555925,1,0.0,1002.9274521323503,88674.32839887019,0.0001461417696582774
28,90.05604932951832,2,0.33222038,0.33222038,0.33555925,1,0.0,1002.9274521323503,90319.68410315906,0.01855503993092363
29,89.32472237871096,2,0.33222038,0.33222038,0.33555925,1,0.0,1002.9274521323503,89586.21622771012,-0.008120797617175116
30,90.16890931486057,2,0.33222038,0.33222038,0.33555925,1,0.0,1002.9274521323503,90432.87448070606,0.009450764734207622
31,91.96176083708714,2,0.33222038,0.33222038,0.33555925,1,0.0,1002.9274521323503,92230.97448994436,0.019883256167224122
32,94.23710290553326,2,0.33222038,0.33222038,0.33555925,1,0.0,1002.9274521323503,94512.97751338058,0.02474226295510972
33,93.64582458444369,2,0.33222038,0.33222038,0.33555925,1,0.0,1002.9274521323503,93919.96825330911,-0.00627436861765905
34,92.94509454112445,2,0.33222038,0.33222038,0.33555925,1,0.0,1002.9274521323503,93217.18685633036,-0.007482768681131786
35,94.65816725520071,2,0.33222038,0.33222038,0.33555925,1,0.0,1002.9274521323503,94935.27450877632,0.018431018038486163
36,93.11076047313335,2,0.33222038,0.33222038,0.33555925,1,0.0,1002.9274521323503,93383.33776742518,-0.016347313992415603
37,93.40288624556695,2,0.33222038,0.33222038,0.33555925,1,0.0,1002.9274521323503,93676.3187240742,0.0031374007789129925
38,94.29239865479843,2,0.33222038,0.33222038,0.33555925,1,0.0,1002.9274521323503,94568.43513830485,0.009523393173235185
39,93.2746116156927,2,0.33222038,0.33222038,0.33555925,1,0.0,1002.9274521323503,93547.6685763612,-0.010793945785935758
40,91.05479767808761,2,0.33222038,0.33222038,0.33555925,1,0.0,1002.9274521323503,91321.35623971105,-0.023798693976353417
41,88.40416489752366,2,0.33222038,0.33222038,0.33555925,1,0.0,1002.9274521323503,88662.96385856156,-0.029110303335524588
42,84.97687416017581,2,0.33222038,0.33222038,0.33555925,1,0.0,1002.9274521323503,85225.63989163647,-0.03876843066523737
43,84.65619865127952,2,0.33222038,0.33222038,0.33555925,1,0.0,1002.9274521323503,84904.02562053788,-0.003773679745995654
44,85.89154464144137,2,0.33222038,0.33222038,0.33555925,1,0.0,1002.9274521323503,86142.98802695282,0.014592504858983273
45,83.0990429088154,2,0.33222038,0.33222038,0.33555925,1,0.0,1002.9274521323503,83342.31137917508,-0.03251195148816353
46,83.2819327419112,2,0.33222038,0.33222038,0.33555925,1,0.0,1002.9274521323503,83525.73661350277,0.0022008656982547073
47,85.32044478718885,2,0.33222038,0.33222038,0.33555925,1,0.0,1002.9274521323503,85570.21630521417,0.024477242280086513
48,85.20939405840151,2,0.33222038,0.33222038,0.33555925,1,0.0,1002.9274521323503,85458.84048073406,-0.0013015723144003224
49,86.02162852787049,2,0.33222038,0.33222038,0.33555925,1,0.0,1002.9274521323503,86273.45272773264,0.009532217409177614
50,88.6507328152995,2,0.33222038,0.33222038,0.33555925,1,0.0,1002.9274521323503,88910.25359211407,0.030563293585835864
51,88.38716784511794,2,0.33222038,0.33222038,0.33555925,1,0.0,1002.9274521323503,88645.91704809853,-0.00297307153377614
52,86.6067819345678,2,0.33222038,0.33222038,0.33555925,1,0.0,1002.9274521323503,86860.31914301815,-0.020143036075892098
53,86.54513995512384,2,0.33222038,0.33222038,0.33555925,1,0.0,1002.9274521323503,86798.49670963002,-0.0007117454091589288
54,85.78706699151402,2,0.33222038,0.33222038,0.33555925,1,0.0,1002.9274521323503,86038.2045237064,-0.008759278267998747
55,86.69244774263987,2,0.33222038,0.33222038,0.33555925,1,0.0,1002.9274521323503,86946.23573364272,0.010553814029047164
56,86.82977972107795,2,0.33222038,0.33222038,0.33555925,1,0.0,1002.9274521323503,87083.96974487393,0.0015841285142366914
57,87.14003678932323,2,0.33222038,0.33222038,0.33555925,1,0.0,1002.9274521323503,87395.13507583522,0.003573164290430211
58,88.44405153515144,2,0.33222038,0.33222038,0.33555925,1,0.0,1002.9274521323503,88702.96726241172,0.014964587965241544
59,88.37061895717997,2,0.33222038,0.33222038,0.33555925,1,0.0,1002.9274521323503,88629.31971408328,-0.0008302715298189726
60,87.35193005624413,2,0.33222038,0.33222038,0.33555925,1,0.0,1002.9274521323503,87607.64865015219,-0.011527461422777307
61,86.54445940908026,2,0.33222038,0.33222038,0.33555925,1,0.0,1002.9274521323503,86797.81417132047,-0.009243878717321472
62,86.15873919052207,2,0.33222038,0.33222038,0.33555925,1,0.0,1002.9274521323503,86410.96477528597,-0.004456902512209979
63,85.90038067421867,2,0.33222038,0.33222038,0.33555925,1,0.0,1002.9274521323503,86151.8499267931,-0.0029986339021524167
64,87.54977530361488,2,0.33222038,0.33222038,0.33555925,1,0.0,1002.9274521323503,87806.07308001423,0.019201249359436783
65,86.81754649097739,2,0.33222038,0.33222038,0.33555925,1,0.0,1002.9274521323503,87071.70070257781,-0.008363571580831477
66,89.21616698541678,2,0.33222038,0.33222038,0.33555925,1,0.0,1002.9274521323503,89477.34304369835,0.02762829164595968
67,89.74216821526859,2,0.33222038,0.33222038,0.33555925,1,0.0,1002.9274521323503,90004.88411697211,0.005895806193263121
68,90.62714918377083,2,0.33222038,0.33222038,0.33555925,1,0.0,1002.9274521323503,90892.45582489768,0.009861372709197253
69,89.78137430685284,2,0.33222038,0.33222038,0.33555925,1,0.0,1002.9274521323503,90044.20498251278,-0.009332466976346676
70,89.89945181186259,2,0.33222038,0.33222038,0.33555925,1,0.0,1002.9274521323503,90162.62815376635,0.0013151670479690273
71,88.86172422039029,2,0.33222038,0.33222038,0.33555925,1,0.0,1002.9274521323503,89121.86266444359,-0.011543202662058641
72,91.18601580792273,2,0.33222038,0.33222038,0.33555925,1,0.0,1002.9274521323503,91452.95850434016,0.026156273782937858
73,92.29240662216675,2,0.33222038,0.33222038,0.33555925,1,0.0,1002.9274521323503,92562.58822473255,0.0121333386971809
74,93.60367499289856,2,0.33222038,0.33222038,0.33555925,1,0.0,1002.9274521323503,93877.69527085235,0.014207760082581634
75,93.33942394377875,2,0.33222038,0.33222038,0.33555925,1,0.0,1002.9274521323503,93612.67063943531,-0.0028230841271975984
76,92.71755978099037,2,0.33222038,0.33222038,0.33555925,1,0.0,1002.9274521323503,92988.98599907754,-0.0066623955507047776
77,94.16752122224747,2,0.33222038,0.33222038,0.33555925,1,0.0,1002.9274521323503,94443.19213304768,0.015638477163140138
78,94.09432102585184,2,0.33222038,0.33222038,0.33555925,1,0.0,1002.9274521323503,94369.77764658102,-0.0007773401640558303
79,93.94134755420058,2,0.33222038,0.33222038,0.33555925,1,0.0,1002.9274521323503,94216.35635241398,-0.0016257460597354665
80,93.82509037153505,2,0.33222038,0.33222038,0.33555925,1,0.0,1002.9274521323503,94099.75883241116,-0.001237550723854026
81,93.4264563768327,2,0.33222038,0.33222038,0.33555925,1,0.0,1002.9274521323503,93699.95785577099,-0.004248692893593914
82,95.41556520566165,2,0.33222038,0.33222038,0.33555925,1,0.0,1002.9274521323503,95694.88970548238,0.021290637641290223
83,95.34825200918777,2,0.33222038,0.33222038,0.33555925,1,0.0,1002.9274521323503,95627.37945284793,-0.0007054739583505057
84,96.99990959250127,2,0.33222038,0.33222038,0.33555925,1,0.0,1002.9274521323503,97283.87218467562,0.017322368774567068
85,97.38495479791052,2,0.33222038,0.33222038,0.33555925,1,0.0,1002.9274521323503,97670.0445914925,0.003969541899851519
86,97.56761778232513,2,0.33222038,0.33222038,0.33555925,1,0.0,1002.9274521323503,97853.24231305033,0.0018756797165811324
87,96.86144337065718,2,0.33222038,0.33222038,0.33555925,1,0.0,1002.9274521323503,97145.00060959514,-0.0072377949540945894
88,97.08127634141992,2,0.33222038,0.33222038,0.33555925,1,0.0,1002.9274521323503,97365.4771308569,0.002269561170191472
89,95.82892776595772,2,0.33222038,0.33222038,0.33555925,1,0.0,1002.9274521323503,96109.462364887,-0.012900001139848013
90,93.77818249057948,2,0.33222038,0.33222038,0.33555925,1,0.0,1002.9274521323503,94052.71363087946,-0.02140006491971561
91,93.56831979600003,2,0.33222038,0.33222038,0.33555925,1,0.0,1002.9274521323503,93842.23657330725,-0.0022378626777133505
92,93.84118002921596,2,0.33222038,0.33222038,0.33555925,1,0.0,1002.9274521323503,94115.89559179476,0.002916160446301104
93,95.16355291953707,2,0.33222038,0.33222038,0.33555925,1,0.0,1002.9274521323503,95442.13966545339,0.014091605518061432
94,91.95767756082567,2,0.33222038,0.33222038,0.33555925,1,0.0,1002.9274521323503,92226.8792600871,-0.03368805871951865
95,91.34465496370927,2,0.33222038,0.33222038,0.33555925,1,0.0,1002.9274521323503,91612.06206866159,-0.006666355799502595
96,90.33729189814922,2,0.33222038,0.33222038,0.33555925,1,0.0,1002.9274521323503,90601.7499959472,-0.01102815557144836
97,89.63112301937593,2,0.33222038,0.33222038,0.33555925,1,0.0,1002.9274521323503,89893.51384158396,-0.007817025105971176
98,89.8996786605438,2,0.33222038,0.33222038,0.33555925,1,0.0,1002.9274521323503,90162.85566653621,0.0029962320243360633
99,88.93447071942354,2,0.33222038,0.33222038,0.33555925,1,0.0,1002.9274521323503,89194.82212537056,-0.010736500458080988
100,88.5702789940003,2,0.33222038,0.33222038,0.33555925,1,0.0,1002.9274521323503,88829.56424610414,-0.004095056983834935
101,90.19474793293828,2,0.33222038,0.33222038,0.33555925,1,0.0,1002.9274521323503,90458.78874010136,0.018341016392734014
102,90.79100032633019,2,0.33222038,0.33222038,0.33555925,1,0.0,1002.9274521323503,91056.78663383372,0.0066107218774560305
103,92.1775105315884,2,0.33222038,0.33222038,0.33555925,1,0.0,1002.9274521323503,92447.35578134883,0.015271449816332754
104,93.15314244625434,2,0.33222038,0.33222038,0.33555925,1,0.0,1002.9274521323503,93425.84381174375,0.010584272769349739
105,89.12551603925306,2,0.33222038,0.33222038,0.33555925,1,0.0,1002.9274521323503,89386.42672122899,-0.04323661340061669
106,89.42738523918872,2,0.33222038,0.33222038,0.33555925,1,0.0,1002.9274521323503,89689.17962879769,0.0033870120853237155
107,88.4152694171129,2,0.33222038,0.33222038,0.33555925,1,0.0,1002.9274521323503,88674.10088610035,-0.011317739184353243
108,87.78025909660448,2,0.33222038,0.33222038,0.33555925,1,0.0,1002.9274521323503,88037.2316032751,-0.007182134089448461
109,88.38217717413161,2,0.33222038,0.33222038,0.33555925,1,0.0,1002.9274521323503,88640.91176716179,0.006857100716286397
110,87.3859241610555,2,0.33222038,0.33222038,0.33555925,1,0.0,1002.9274521323503,87641.74227107818,-0.011272103097361852
111,85.89018354935418,2,0.33222038,0.33222038,0.33555925,1,0.0,1002.9274521323503,86141.6229503337,-0.017116493600784207
112,85.1663370721316,2,0.33222038,0.33222038,0.33555925,1,0.0,1002.9274521323503,85415.65744719787,-0.00842758097968962
113,83.69869803242523,2,0.33222038,0.33222038,0.33555925,1,0.0,1002.9274521323503,83943.7219644552,-0.017232619015460852
114,82.83320945182186,2,0.33222038,0.33222038,0.33555925,1,0.0,1002.9274521323503,83075.69970746101,-0.010340526208281966
115,82.65757324362966,2,0.33222038,0.33222038,0.33555925,1,0.0,1002.9274521323503,82899.54933267662,-0.0021203598092424643
116,84.28362459044133,2,0.33222038,0.33222038,0.33555925,1,0.0,1002.9274521323503,84530.36086697083,0.01967213992623479
117,82.50301183121,2,0.33222038,0.33222038,0.33555925,1,0.0,1002.9274521323503,82744.5354491206,-0.021126437880238932
118,81.25996405167683,2,0.33222038,0.33222038,0.33555925,1,0.0,1002.9274521323503,81497.84870671462,-0.015066695771983144
119,83.36328842504052,2,0.33222038,0.33222038,0.33555925,1,0.0,1002.9274521323503,83607.33046150014,0.02588389495257584
120,85.9128462858951,2,0.33222038,0.33222038,0.33555925,1,0.0,1002.9274521323503,86164.35203095102,0.030583700679551643
121,85.73947856451485,2,0.33222038,0.33222038,0.33555925,1,0.0,1002.9274521323503,85990.47678386515,-0.002017948757084796
122,84.86107067487264,2,0.33222038,0.33222038,0.33555925,1,0.0,1002.9274521323503,85109.49739717331,-0.010245080846640175
123,82.48465368671714,2,0.33222038,0.33222038,0.33555925,1,0.0,1002.9274521323503,82726.12356203848,-0.028003617786773426
124,81.86664041861442,2,0.33222038,0.33222038,0.33555925,1,0.0,1002.9274521323503,82106.30108967624,-0.007492463633901806
125,81.33293739939127,2,0.33222038,0.33222038,0.33555925,1,0.0,1002.9274521323503,81571.03568041143,-0.006519175777754258
126,81.06528915294817,2,0.33222038,0.33222038,0.33555925,1,0.0,1002.9274521323503,81302.60390653856,-0.0032907731480150003
127,83.17020146708026,2,0.33222038,0.33222038,0.33555925,1,0.0,1002.9274521323503,83413.67825071307,0.0259656424608651
128,81.20217296691854,2,0.33222038,0.33222038,0.33555925,1,0.0,1002.9274521323503,81439.88844132202,-0.023662663615654365
129,83.35241075413248,2,0.33222038,0.33222038,0.33555925,1,0.0,1002.9274521323503,83596.4209467312,0.026480052302171028
130,84.3049262348951,2,0.33222038,0.33222038,0.33555925,1,0.0,1002.9274521323503,84551.72487096908,0.01142756966648854
131,83.74243556473874,2,0.33222038,0.33222038,0.33555925,1,0.0,1002.9274521323503,83987.58753630094,-0.0066720972934501644
132,83.07660702095569,2,0.33222038,0.33222038,0.33555925,1,0.0,1002.9274521323503,83319.8098113276,-0.007950909706564771
133,85.04758455397295,2,0.33222038,0.33222038,0.33555925,1,0.0,1002.9274521323503,85296.55728672672,0.023724819822264723
134,86.05811796817507,2,0.33222038,0.33222038,0.33555925,1,0.0,1002.9274521323503,86310.04898912706,0.011881976654619915
135,87.45799564693985,2,0.33222038,0.33222038,0.33555925,1,0.0,1002.9274521323503,87714.02474278756,0.016266654579669738
136,86.81188080684217,2,0.33222038,0.33222038,0.33555925,1,0.0,1002.9274521323503,87066.0184324235,-0.007387716072364361
137,86.28383793885959,2,0.33222038,0.33222038,0.33555925,1,0.0,1002.9274521323503,86536.42974422107,-0.006082610618211245
138,88.40869633825292,2,0.33222038,0.33222038,0.33555925,1,0.0,1002.9274521323503,88667.50856486664,0.024626377895927587
139,87.7496621891164,2,0.33222038,0.33222038,0.33555925,1,0.0,1002.9274521323503,88006.54512480495,-0.007454404107657431
140,87.38978058863589,2,0.33222038,0.33222038,0.33555925,1,0.0,1002.9274521323503,87645.60998816571,-0.004101230608784639
141,85.2048626176723,2,0.33222038,0.33222038,0.33555925,1,0.0,1002.9274521323503,85454.29577442902,-0.025001984857342844
142,84.3028845967644,2,0.33222038,0.33222038,0.33555925,1,0.0,1002.9274521323503,84549.67725604048,-0.010585992315429428
143,85.45098237098046,2,0.33222038,0.33222038,0.33555925,1,0.0,1002.9274521323503,85701.13603153381,0.013618724670070427
144,86.27250657058913,2,0.33222038,0.33222038,0.33555925,1,0.0,1002.9274521323503,86525.0652039124,0.009613981920559617
145,86.75545081417106,2,0.33222038,0.33222038,0.33555925,1,0.0,1002.9274521323503,87009.42324365,0.005597892802462807
146,84.95285586444238,2,0.33222038,0.33222038,0.33555925,1,0.0,1002.9274521323503,85201.551283492,-0.020777886954789673
147,89.66217362422644,2,0.33222038,0.33222038,0.33555925,1,0.0,1002.9274521323503,89924.65534559384,0.05543448436034474
148,90.49071906716287,2,0.33222038,0.33222038,0.33555925,1,0.0,1002.9274521323503,90755.62631565395,0.009240746788147963
149,89.68211417659302,2,0.33222038,0.33222038,0.33555925,1,0.0,1002.9274521323503,89944.65427297297,-0.008935777048800992
150,90.4635248898927,2,0.33222038,0.33222038,0.33555925,1,0.0,1002.9274521323503,90728.35252873153,0.008713116550318962
151,89.71701567612921,2,0.33222038,0.33222038,0.33555925,1,0.0,1002.9274521323503,89979.65794497839,-0.00825204649799019
152,89.43985085086523,2,0.33222038,0.33222038,0.33555925,1,0.0,1002.9274521323503,89701.68173295568,-0.0030893228355312174
153,89.86545770705123,2,0.33222038,0.33222038,0.33555925,1,0.0,1002.9274521323503,90128.53453284038,0.004758581908814717
154,89.51644824458413,2,0.33222038,0.33222038,0.33555925,1,0.0,1002.9274521323503,89778.50336187816,-0.003883688698329789
155,90.73208053106057,2,0.33222038,0.33222038,0.33555925,1,0.0,1002.9274521323503,90997.69435368381,0.013579987927525891
156,91.26873258313928,2,0.33222038,0.33222038,0.33555925,1,0.0,1002.9274521323503,91535.9174289567,0.00591468914784768
157,91.24289949795627,2,0.33222038,0.33222038,0.33555925,1,0.0,1002.9274521323503,91510.00871865338,-0.0002830441976334793
158,89.83372655615712,2,0.33222038,0.33222038,0.33555925,1,0.0,1002.9274521323503,90096.71049052091,-0.015444192913123166
159,89.69072336068915,2,0.33222038,0.33222038,0.33555925,1,0.0,1002.9274521323503,89953.28866004343,-0.0015918653377758277
160,92.46646042248527,2,0.33222038,0.33222038,0.33555925,1,0.0,1002.9274521323503,92737.15155921996,0.030947872397389067
161,92.38623344986723,2,0.33222038,0.33222038,0.33555925,1,0.0,1002.9274521323503,92656.68972597986,-0.0008676332180498269
162,92.27586326712348,2,0.33222038,0.33222038,0.33555925,1,0.0,1002.9274521323503,92545.99643980929,-0.0011946604880654905
163,90.62465938117238,2,0.33222038,0.33222038,0.33555925,1,0.0,1002.9274521323503,90889.9587335213,-0.017894212283564862
164,89.31973724061936,2,0.33222038,0.33222038,0.33555925,1,0.0,1002.9274521323503,89581.21649586537,-0.014399194981406085
165,89.15339076256687,2,0.33222038,0.33222038,0.33555925,1,0.0,1002.9274521323503,89414.38304646101,-0.0018623708845488468
166,89.82398312865504,2,0.33222038,0.33222038,0.33555925,1,0.0,1002.9274521323503,90086.93853960122,0.007521781957503921
167,89.16381473611254,2,0.33222038,0.33222038,0.33555925,1,0.0,1002.9274521323503,89424.83753569025,-0.007349578247904557
168,90.43701125866612,2,0.33222038,0.33222038,0.33555925,1,0.0,1002.9274521323503,90701.76128011868,0.014279296218109324
169,91.09626672358917,2,0.33222038,0.33222038,0.33555925,1,0.0,1002.9274521323503,91362.94668385829,0.007289664438793425
170,90.54488610591673,2,0.33222038,0.33222038,0.33555925,1,0.0,1002.9274521323503,90809.9519258209,-0.006052724634100335
171,88.28835587932589,2,0.33222038,0.33222038,0.33555925,1,0.0,1002.9274521323503,88546.81581500653,-0.024921675023713733
172,87.30502217528861,2,0.33222038,0.33222038,0.33555925,1,0.0,1002.9274521323503,87560.60344862055,-0.011137750774080834
173,86.51862079100263,2,0.33222038,0.33222038,0.33555925,1,0.0,1002.9274521323503,86771.89991192525,-0.009007516001852279
174,86.60836987533622,2,0.33222038,0.33222038,0.33555925,1,0.0,1002.9274521323503,86861.91173240716,0.0010373383615348316
175,87.89606258190767,2,0.33222038,0.33222038,0.33555925,1,0.0,1002.9274521323503,88153.37409773827,0.014867993802734649
176,86.62581509220965,2,0.33222038,0.33222038,0.33555925,1,0.0,1002.9274521323503,86879.40801931791,-0.014451699568616338
177,87.13414425650686,2,0.33222038,0.33222038,0.33555925,1,0.0,1002.9274521323503,87389.22529291108,0.005868102525282096
178,86.78128389935408,2,0.33222038,0.33222038,0.33555925,1,0.0,1002.9274521323503,87035.33195395334,-0.004049622110409654
179,85.73811747242775,2,0.33222038,0.33222038,0.33555925,1,0.0,1002.9274521323503,85989.1117072461,-0.012020638322615292
180,87.23521917621626,2,0.33222038,0.33222038,0.33555925,1,0.0,1002.9274521323503,87490.59610460972,0.017461331644819045
181,87.0135769488986,2,0.33222038,0.33222038,0.33555925,1,0.0,1002.9274521323503,87268.30503028107,-0.0025407424823447543
